{
    "appid": "1194630",
    "type": "Game",
    "name": "The Dark Pictures Anthology: Little Hope",
    "schinese_name": "黑相集：希望渺茫",
    "isfreeapp": "0",
    "change_number": "28984968",
    "update_time": "2025-05-15 00:13:31",
    "depot": {
        "228988": {
            "config": {
                "oslist": "windows"
            },
            "depotfromapp": "228980",
            "sharedinstall": "1"
        },
        "228990": {
            "config": {
                "oslist": "windows"
            },
            "depotfromapp": "228980",
            "sharedinstall": "1"
        },
        "baselanguages": "english,german,french,italian,koreana,spanish,schinese,tchinese,russian,japanese,arabic,brazilian,latam",
        "1194631": {
            "manifests": {
                "public": {
                    "gid": "133693888546976447",
                    "size": "46573662066",
                    "download": "26405413824"
                }
            },
            "decryptionkey": ""
        },
        "1194633": {
            "manifests": {
                "public": {
                    "gid": "2401317617118803807",
                    "size": "46123882745",
                    "download": "26294969424"
                }
            },
            "decryptionkey": "c2a60fdea7b1519ad4f79cde6079b8cd3894fa5884ea554071369734d3977594"
        },
        "1194632": {
            "manifests": {}
        },
        "1194634": {
            "manifests": {
                "public": {
                    "gid": "7353019674043464160",
                    "size": "16",
                    "download": "64"
                }
            },
            "decryptionkey": "2d0d066d3183f8a09ff116446a893895daeda82fbb6911588ed7ef21f4814f60"
        },
        "1194639": {
            "manifests": {
                "public": {
                    "gid": "895341938460122569",
                    "size": "0",
                    "download": "0"
                }
            },
            "decryptionkey": ""
        },
        "1259811": {
            "manifests": {}
        },
        "branches": {
            "public": {
                "buildid": "11200128",
                "timeupdated": "1684914785"
            }
        },
        "privatebranches": "1"
    }
}