{
    "appid": 2420110,
    "name": "Horizon Forbidden West™ Complete Edition",
    "type": "Game",
    "schinese_name": "《地平线 西之绝境™》完整版",
    "isfreeapp": 0,
    "update_time": "2025-07-04 07:44:08",
    "change_number": 29892325,
    "depot": {
        "228989": {
            "config": {
                "oslist": "windows"
            },
            "depotfromapp": "228980",
            "sharedinstall": "1"
        },
        "baselanguages": "english,german,french,italian,koreana,spanish,schinese,tchinese,russian,thai,japanese,portuguese,polish,danish,dutch,finnish,norwegian,swedish,hungarian,czech,turkish,arabic,brazilian,greek,latam",
        "2420111": {
            "config": {
                "oslist": "windows",
                "osarch": "64"
            },
            "manifests": {
                "public": {
                    "gid": "2239037909320851046",
                    "size": "128943173320",
                    "download": "101670743712"
                },
                "previous_build": {
                    "gid": "3850359800712288096",
                    "size": "128819984912",
                    "download": "101591726864"
                },
                "previous_build_1.4.59.0": {
                    "gid": "3824901716349831666",
                    "size": "128942877071",
                    "download": "101670501824"
                }
            },
            "decryptionkey": "5efc60abd1c102f2ede64fbddb1fcb58fc7b156ef8410eba8ce90a458a09082a"
        },
        "2420112": {
            "config": {
                "oslist": "windows",
                "osarch": "64"
            },
            "manifests": {
                "public": {
                    "gid": "7917507670516987083",
                    "size": "233267964",
                    "download": "108205664"
                },
                "previous_build": {
                    "gid": "5622338351262178533",
                    "size": "229337724",
                    "download": "103648832"
                },
                "previous_build_1.4.59.0": {
                    "gid": "4978341075012212976",
                    "size": "235723300",
                    "download": "108666784"
                }
            },
            "decryptionkey": "45ee1a9a56ddd7b41370387bc6a3c6ece37bab529fa3313c7543c1b5ec044b93"
        },
        "2420113": {
            "config": {
                "oslist": "windows",
                "osarch": "64"
            },
            "dlcappid": "2452460",
            "manifests": {
                "public": {
                    "gid": "8949879151375504441",
                    "size": "28294546979",
                    "download": "16737877328"
                },
                "previous_build": {
                    "gid": "5150488056388939576",
                    "size": "27787438180",
                    "download": "16495725040"
                },
                "previous_build_1.4.59.0": {
                    "gid": "1479849959714008812",
                    "size": "28212975196",
                    "download": "16702140544"
                }
            },
            "decryptionkey": ""
        },
        "2420114": {
            "config": {
                "oslist": "windows",
                "osarch": "64"
            },
            "manifests": {
                "public": {
                    "gid": "6680338608508653005",
                    "size": "2462285480",
                    "download": "2311937776"
                },
                "previous_build": {
                    "gid": "6680338608508653005",
                    "size": "2462285480",
                    "download": "2311937776"
                },
                "previous_build_1.4.59.0": {
                    "gid": "6680338608508653005",
                    "size": "2462285480",
                    "download": "2311937776"
                }
            },
            "decryptionkey": "d7abeb87bdc4c80e6c40a78b0681d32db2cbd17261c2ad793c2b8acee674a669"
        },
        "2420115": {
            "config": {
                "language": "french",
                "oslist": "windows",
                "osarch": "64"
            },
            "manifests": {
                "public": {
                    "gid": "3856210151677793842",
                    "size": "2371446864",
                    "download": "2146027808"
                },
                "previous_build": {
                    "gid": "3856210151677793842",
                    "size": "2371446864",
                    "download": "2146027808"
                },
                "previous_build_1.4.59.0": {
                    "gid": "3856210151677793842",
                    "size": "2371446864",
                    "download": "2146027808"
                }
            },
            "decryptionkey": "5908a0f1461073db73b0d36ce13aff474c6243e9aeb57bbf13490f31fcc1a082"
        },
        "2420116": {
            "config": {
                "language": "italian",
                "oslist": "windows",
                "osarch": "64"
            },
            "manifests": {
                "public": {
                    "gid": "4697055530980282507",
                    "size": "2396671656",
                    "download": "2265353248"
                },
                "previous_build": {
                    "gid": "4697055530980282507",
                    "size": "2396671656",
                    "download": "2265353248"
                },
                "previous_build_1.4.59.0": {
                    "gid": "4697055530980282507",
                    "size": "2396671656",
                    "download": "2265353248"
                }
            },
            "decryptionkey": "f525051ae30cdf8d4525cd997f307713341a438173122b522a281752db8728a4"
        },
        "2420117": {
            "config": {
                "language": "german",
                "oslist": "windows",
                "osarch": "64"
            },
            "manifests": {
                "public": {
                    "gid": "5295276332778237670",
                    "size": "2422196808",
                    "download": "2362482816"
                },
                "previous_build": {
                    "gid": "5295276332778237670",
                    "size": "2422196808",
                    "download": "2362482816"
                },
                "previous_build_1.4.59.0": {
                    "gid": "5295276332778237670",
                    "size": "2422196808",
                    "download": "2362482816"
                }
            },
            "decryptionkey": "18c0f17fc983e33fe47b8d40449f3d561d3eed66916e0fcb19ee469f5618d32e"
        },
        "2420118": {
            "config": {
                "language": "spanish",
                "oslist": "windows",
                "osarch": "64"
            },
            "manifests": {
                "public": {
                    "gid": "8673415990553381851",
                    "size": "2458754204",
                    "download": "2160907216"
                },
                "previous_build": {
                    "gid": "8673415990553381851",
                    "size": "2458754204",
                    "download": "2160907216"
                },
                "previous_build_1.4.59.0": {
                    "gid": "8673415990553381851",
                    "size": "2458754204",
                    "download": "2160907216"
                }
            },
            "decryptionkey": "98e66b59c1c5e5ec56e36dbe5d4bb42af86d6c3e3a4f0d7874065667f1a2600d"
        },
        "2420119": {
            "config": {
                "language": "polish",
                "oslist": "windows",
                "osarch": "64"
            },
            "manifests": {
                "public": {
                    "gid": "5380212226787194873",
                    "size": "2418992960",
                    "download": "2379090224"
                },
                "previous_build": {
                    "gid": "5380212226787194873",
                    "size": "2418992960",
                    "download": "2379090224"
                },
                "previous_build_1.4.59.0": {
                    "gid": "5380212226787194873",
                    "size": "2418992960",
                    "download": "2379090224"
                }
            },
            "decryptionkey": "661789bfc4fbe123e06843e92004d16fe7b37f293454616f542bb164b565fb5a"
        },
        "2452461": {
            "config": {
                "language": "portuguese",
                "oslist": "windows",
                "osarch": "64"
            },
            "manifests": {
                "public": {
                    "gid": "5708538598987781196",
                    "size": "2395927576",
                    "download": "2195018992"
                },
                "previous_build": {
                    "gid": "5708538598987781196",
                    "size": "2395927576",
                    "download": "2195018992"
                },
                "previous_build_1.4.59.0": {
                    "gid": "5708538598987781196",
                    "size": "2395927576",
                    "download": "2195018992"
                }
            },
            "decryptionkey": "e1a93cdacf0ff6fdc39ea109f0eb689e44d173896b912571537c25e26c959e69"
        },
        "2452462": {
            "config": {
                "language": "russian",
                "oslist": "windows",
                "osarch": "64"
            },
            "manifests": {
                "public": {
                    "gid": "8564962424144066599",
                    "size": "2446932784",
                    "download": "2409555280"
                },
                "previous_build": {
                    "gid": "8564962424144066599",
                    "size": "2446932784",
                    "download": "2409555280"
                },
                "previous_build_1.4.59.0": {
                    "gid": "8564962424144066599",
                    "size": "2446932784",
                    "download": "2409555280"
                }
            },
            "decryptionkey": "2febd6f0d43778130ff358538c1bf064e446804f1d403865e464d89dd3499865"
        },
        "2452463": {
            "config": {
                "language": "arabic",
                "oslist": "windows",
                "osarch": "64"
            },
            "manifests": {
                "public": {
                    "gid": "8307697578226900422",
                    "size": "2537093396",
                    "download": "2429239872"
                },
                "previous_build": {
                    "gid": "8307697578226900422",
                    "size": "2537093396",
                    "download": "2429239872"
                },
                "previous_build_1.4.59.0": {
                    "gid": "8307697578226900422",
                    "size": "2537093396",
                    "download": "2429239872"
                }
            },
            "decryptionkey": "4ddd210beeda422859f5ad26eabcb8798923f613e593bd1182df53f7ddbbb447"
        },
        "2452464": {
            "config": {
                "language": "japanese",
                "oslist": "windows",
                "osarch": "64"
            },
            "manifests": {
                "public": {
                    "gid": "2151180198015552420",
                    "size": "2479742140",
                    "download": "2376830368"
                },
                "previous_build": {
                    "gid": "2151180198015552420",
                    "size": "2479742140",
                    "download": "2376830368"
                },
                "previous_build_1.4.59.0": {
                    "gid": "2151180198015552420",
                    "size": "2479742140",
                    "download": "2376830368"
                }
            },
            "decryptionkey": "7cdc9b96c0640b7c68fc508e90b535538e06b82596e4c6ece54b2e126a4629ab"
        },
        "2452465": {
            "config": {
                "language": "latam",
                "oslist": "windows",
                "osarch": "64"
            },
            "manifests": {
                "public": {
                    "gid": "343860007184336722",
                    "size": "2474189956",
                    "download": "2260587280"
                },
                "previous_build": {
                    "gid": "343860007184336722",
                    "size": "2474189956",
                    "download": "2260587280"
                },
                "previous_build_1.4.59.0": {
                    "gid": "343860007184336722",
                    "size": "2474189956",
                    "download": "2260587280"
                }
            },
            "decryptionkey": "f5a7d177f62ba6108d394056d583a52653d086d6c87eb844331fb714ac57c9eb"
        },
        "2452466": {
            "config": {
                "language": "brazilian",
                "oslist": "windows",
                "osarch": "64"
            },
            "manifests": {
                "public": {
                    "gid": "3510327789903158350",
                    "size": "2484151916",
                    "download": "2279543472"
                },
                "previous_build": {
                    "gid": "3510327789903158350",
                    "size": "2484151916",
                    "download": "2279543472"
                },
                "previous_build_1.4.59.0": {
                    "gid": "3510327789903158350",
                    "size": "2484151916",
                    "download": "2279543472"
                }
            },
            "decryptionkey": "202f3496feff614800225f52837d623bcefacd68f7049451f3ec6b2ce62d1e8b"
        },
        "branches": {
            "public": {
                "buildid": "14835813",
                "timeupdated": "1719500177"
            },
            "previous_build": {
                "buildid": "14002490",
                "description": "...",
                "timeupdated": "1713873758"
            },
            "previous_build_1.4.59.0": {
                "buildid": "14224699",
                "description": "...",
                "timeupdated": "1719501863"
            }
        },
        "privatebranches": "1"
    }
}