{
    "appid": 1091500,
    "name": "Cyberpunk 2077",
    "type": "Game",
    "schinese_name": "赛博朋克 2077",
    "isfreeapp": 0,
    "update_time": "2025-07-22 13:42:25",
    "change_number": 30186049,
    "depot": {
        "workshopdepot": "1091500",
        "hasdepotsindlc": "1",
        "228988": {
            "config": {
                "oslist": "windows"
            },
            "depotfromapp": "228980",
            "sharedinstall": "1"
        },
        "1091501": {
            "config": {
                "oslist": "windows"
            },
            "manifests": {
                "public": {
                    "gid": "6814019010317238099",
                    "size": "67331782951",
                    "download": "63164153872"
                },
                "1_63_legacy_patch": {
                    "gid": "6594873489665865240",
                    "size": "69245530209",
                    "download": "65721760016"
                },
                "2_13_old": {
                    "gid": "4350623720177810551",
                    "size": "65871998280",
                    "download": "62359163920"
                },
                "2_21_old": {
                    "gid": "8420445566849588826",
                    "size": "66043436302",
                    "download": "62515795584"
                }
            },
            "decryptionkey": "fd4524cb30582752f15e4bf01254dbb7b890f58008101a40208cd78fb139d800"
        },
        "1091502": {
            "config": {
                "language": "polish",
                "oslist": "windows"
            },
            "manifests": {
                "public": {
                    "gid": "6184739646416384219",
                    "size": "4878196736",
                    "download": "4656047888"
                },
                "1_63_legacy_patch": {
                    "gid": "8869499918106631472",
                    "size": "4861431808",
                    "download": "4646969344"
                },
                "2_13_old": {
                    "gid": "4846693136267556074",
                    "size": "4869873664",
                    "download": "4655889376"
                },
                "2_21_old": {
                    "gid": "3260780708809854852",
                    "size": "4872216576",
                    "download": "4658229872"
                }
            },
            "decryptionkey": "90dd5a17a45ff0595a7ed6366d0fea078e8c362633ebbe6382c173d736063b72"
        },
        "1091503": {
            "config": {
                "language": "russian",
                "oslist": "windows"
            },
            "manifests": {
                "public": {
                    "gid": "2155431883450560521",
                    "size": "5362655232",
                    "download": "5144284016"
                },
                "1_63_legacy_patch": {
                    "gid": "7860725176037203861",
                    "size": "5407375360",
                    "download": "5194746176"
                },
                "2_13_old": {
                    "gid": "2930929891484713220",
                    "size": "5354414080",
                    "download": "5144497440"
                },
                "2_21_old": {
                    "gid": "2781196279510572595",
                    "size": "5356945408",
                    "download": "5146957120"
                }
            },
            "decryptionkey": "b2606cbfc79b86f848e75dbf59afeeae8a1d5c08523111dcdbeace51b69ec48c"
        },
        "1091504": {
            "config": {
                "language": "french",
                "oslist": "windows"
            },
            "manifests": {
                "public": {
                    "gid": "154478943248480549",
                    "size": "5001183232",
                    "download": "4780593104"
                },
                "1_63_legacy_patch": {
                    "gid": "3942706128185741435",
                    "size": "5033385984",
                    "download": "4821620624"
                },
                "2_13_old": {
                    "gid": "4078220236152172576",
                    "size": "4993581056",
                    "download": "4783963968"
                },
                "2_21_old": {
                    "gid": "2997316000567469581",
                    "size": "4995719168",
                    "download": "4785924224"
                }
            },
            "decryptionkey": "c874647c72c73e87686ecef42bd4c0fbc8e564be98bb0c20c487807c2c4d8d47"
        },
        "1091505": {
            "config": {
                "language": "italian",
                "oslist": "windows"
            },
            "manifests": {
                "public": {
                    "gid": "2785239419527800155",
                    "size": "5182316544",
                    "download": "4964473184"
                },
                "1_63_legacy_patch": {
                    "gid": "4214828340855710649",
                    "size": "5213855744",
                    "download": "5001893888"
                },
                "2_13_old": {
                    "gid": "498874446476828295",
                    "size": "5174845440",
                    "download": "4965247984"
                },
                "2_21_old": {
                    "gid": "4589533780567096316",
                    "size": "5177176064",
                    "download": "4967483040"
                }
            },
            "decryptionkey": "8382ac2e50bd6c716f748eefe9aa9a7e4ccafe5f4f2d7a19f01e5d5d2d096864"
        },
        "1091506": {
            "config": {
                "language": "german",
                "oslist": "windows"
            },
            "manifests": {
                "public": {
                    "gid": "4950498239915244227",
                    "size": "5083238400",
                    "download": "4864096176"
                },
                "1_63_legacy_patch": {
                    "gid": "5463429117151273495",
                    "size": "5084672000",
                    "download": "4873460672"
                },
                "2_13_old": {
                    "gid": "1923371999643087830",
                    "size": "5074153472",
                    "download": "4863964816"
                },
                "2_21_old": {
                    "gid": "4746434433646308761",
                    "size": "5076365312",
                    "download": "4866114640"
                }
            },
            "decryptionkey": "794d47675f8d91a58528e4b7e0bb347d1c542ccdd48eeda5a796b7c1af663e08"
        },
        "1091507": {
            "config": {
                "language": "spanish",
                "oslist": "windows"
            },
            "manifests": {
                "public": {
                    "gid": "6688146715027058561",
                    "size": "5431459840",
                    "download": "5214629712"
                },
                "1_63_legacy_patch": {
                    "gid": "3145667816131657121",
                    "size": "5488508928",
                    "download": "5276428352"
                },
                "2_13_old": {
                    "gid": "2478744079664596808",
                    "size": "5423620096",
                    "download": "5214644928"
                },
                "2_21_old": {
                    "gid": "5139081181596225291",
                    "size": "5426094080",
                    "download": "5217059040"
                }
            },
            "decryptionkey": "ad400264d25291632ad0c35e48e98ae3ada3c411a7ed946bacbdfaa80fd0dd00"
        },
        "1091508": {
            "config": {
                "language": "japanese",
                "oslist": "windows"
            },
            "manifests": {
                "public": {
                    "gid": "8161295208627735550",
                    "size": "4874629120",
                    "download": "4663801040"
                },
                "1_63_legacy_patch": {
                    "gid": "3995250012592214586",
                    "size": "4863356928",
                    "download": "4659520848"
                },
                "2_13_old": {
                    "gid": "7381328406432883171",
                    "size": "4866633728",
                    "download": "4662817888"
                },
                "2_21_old": {
                    "gid": "8063732630804129021",
                    "size": "4868775936",
                    "download": "4664875536"
                }
            },
            "decryptionkey": "fa0ebf333c7ac4828a8a38fd9c646543a872965d3bf1b5e205fa176dc1e93337"
        },
        "1091509": {
            "config": {
                "language": "schinese",
                "oslist": "windows"
            },
            "manifests": {
                "public": {
                    "gid": "1164045688452124372",
                    "size": "4874280960",
                    "download": "4657948448"
                },
                "1_63_legacy_patch": {
                    "gid": "9217761376710018763",
                    "size": "4916219904",
                    "download": "4703376240"
                },
                "2_13_old": {
                    "gid": "1513374529205859369",
                    "size": "4866686976",
                    "download": "4656943856"
                },
                "2_21_old": {
                    "gid": "4359393218898221092",
                    "size": "4868763648",
                    "download": "4659080752"
                }
            },
            "decryptionkey": "987c3b4b920a2258661e62065089d398fcc2412b300355c47a2655b4b373fafa"
        },
        "1460470": {
            "config": {
                "language": "koreana",
                "oslist": "windows"
            },
            "manifests": {
                "public": {
                    "gid": "293694417878924697",
                    "size": "5003743232",
                    "download": "4789881120"
                },
                "1_63_legacy_patch": {
                    "gid": "5765923022907354951",
                    "size": "4933558272",
                    "download": "4729343488"
                },
                "2_13_old": {
                    "gid": "2012342711196649618",
                    "size": "4996898816",
                    "download": "4790250096"
                },
                "2_21_old": {
                    "gid": "1470473429525273457",
                    "size": "4998955008",
                    "download": "4792278384"
                }
            },
            "decryptionkey": "97d6dfacfdc6ba0678277cfbdc4f38b561807a3fb8679513411c7b9e819195b3"
        },
        "1460471": {
            "config": {
                "language": "brazilian",
                "oslist": "windows"
            },
            "manifests": {
                "public": {
                    "gid": "5234987954077902546",
                    "size": "5120798720",
                    "download": "4905592208"
                },
                "1_63_legacy_patch": {
                    "gid": "2979356708568940230",
                    "size": "5172756480",
                    "download": "4961083888"
                },
                "2_13_old": {
                    "gid": "1139551677548366368",
                    "size": "5112598528",
                    "download": "4904435584"
                },
                "2_21_old": {
                    "gid": "619006663931326731",
                    "size": "5114851328",
                    "download": "4906614448"
                }
            },
            "decryptionkey": "20f9808b7948ce1d4b7b16d660e745ce5f251bd0e40c18d8a4072d7f944eb56e"
        },
        "2060310": {
            "dlcappid": "2060310",
            "config": {
                "oslist": "windows",
                "optionaldlc": "2060310"
            },
            "manifests": {
                "public": {
                    "gid": "6234713401507336211",
                    "size": "97186314",
                    "download": "22986432"
                },
                "1_63_legacy_patch": {
                    "gid": "2805771300199462784",
                    "size": "78714503",
                    "download": "18477520"
                },
                "2_13_old": {
                    "gid": "1362194934051700882",
                    "size": "95550273",
                    "download": "20908992"
                },
                "2_21_old": {
                    "gid": "5840271637798999751",
                    "size": "96311717",
                    "download": "21018688"
                }
            },
            "decryptionkey": "45cf0829a4dae87f0f1b263c92df30079111d1dd697bb87d6830f21e04fdf8a0"
        },
        "1460472": {
            "config": {
                "oslist": "macos"
            },
            "manifests": {
                "public": {
                    "gid": "8764626733232337929",
                    "size": "65194539092",
                    "download": "61805235824"
                }
            },
            "decryptionkey": "4A09FAE0555B97D34D444AEDD46D8CD47C11AB25628C614721745C8A3A849C67"
        },
        "1460473": {
            "config": {
                "oslist": "macos",
                "language": "polish"
            },
            "manifests": {
                "public": {
                    "gid": "6586861400962407137",
                    "size": "4897189888",
                    "download": "4688121520"
                }
            },
            "decryptionkey": "64626AC37340F33F4B81BB2C265D17C61F4FAD0B9563BB7B203043296046D2E6"
        },
        "1460474": {
            "config": {
                "oslist": "macos",
                "language": "russian"
            },
            "manifests": {
                "public": {
                    "gid": "8130977303740714329",
                    "size": "5381836800",
                    "download": "5176755200"
                }
            },
            "decryptionkey": "99EA9FF03413E3248190086BE885C4D1737381B7F0F556A1A454CDF978E6C920"
        },
        "1460475": {
            "config": {
                "oslist": "macos",
                "language": "french"
            },
            "manifests": {
                "public": {
                    "gid": "146959159388580462",
                    "size": "5020176384",
                    "download": "4812552544"
                }
            },
            "decryptionkey": "FB5C6A7F869E491C703A7F492C9ADE3FE005C518641889A62B16BC6906F799DC"
        },
        "1460476": {
            "config": {
                "oslist": "macos",
                "language": "italian"
            },
            "manifests": {
                "public": {
                    "gid": "2917941730932339198",
                    "size": "5202239488",
                    "download": "4997701328"
                }
            },
            "decryptionkey": "61FDD193AF9B99CEDD7E906207AA0226E707F8284C65BD101C576E1D76271F7A"
        },
        "1460477": {
            "config": {
                "oslist": "macos",
                "language": "german"
            },
            "manifests": {
                "public": {
                    "gid": "7402596074315649695",
                    "size": "5102432256",
                    "download": "4895532064"
                }
            },
            "decryptionkey": "7D2AD45D3773BF1408AE5C1A830316B4B8E9642DDAC137A9F6C222621B922127"
        },
        "1460478": {
            "config": {
                "oslist": "macos",
                "language": "spanish"
            },
            "manifests": {
                "public": {
                    "gid": "5315751195734795806",
                    "size": "5451915264",
                    "download": "5247052272"
                }
            },
            "decryptionkey": "A2DA1AD1617B6D8F0063B3D7E1BFD3A05A7F1FD2C52EC2AE6143DE6A1B30144D"
        },
        "1460479": {
            "config": {
                "oslist": "macos",
                "language": "japanese"
            },
            "manifests": {
                "public": {
                    "gid": "7571756951859012836",
                    "size": "4892131328",
                    "download": "4692464944"
                }
            },
            "decryptionkey": "7F2D2390EC4B34101279050DF7906F9CDB6945D65CB83D41406B90EFC6D4820B"
        },
        "2060311": {
            "config": {
                "oslist": "macos",
                "language": "schinese"
            },
            "manifests": {
                "public": {
                    "gid": "1546586459000497846",
                    "size": "4892688384",
                    "download": "4688106608"
                }
            },
            "decryptionkey": "EF94A15784AB7BC81DDEC255B4F2AF287543F9DD64EDC1210FAA708302EF4644"
        },
        "2060312": {
            "config": {
                "oslist": "macos",
                "language": "koreana"
            },
            "manifests": {
                "public": {
                    "gid": "4550816983637683975",
                    "size": "5022396416",
                    "download": "4819782208"
                }
            },
            "decryptionkey": "F41E81056D725072D0A92B750B9F7156FC37D87F82CEC6B5CC9A6E1907C25724"
        },
        "2060313": {
            "config": {
                "oslist": "macos",
                "language": "brazilian"
            },
            "manifests": {
                "public": {
                    "gid": "8123303006272801520",
                    "size": "5140459520",
                    "download": "4937188848"
                }
            },
            "decryptionkey": "E4840E97B028BF1877C6173D714B377621610D8CABA91BF5077DA9CE6758AE43"
        },
        "2060314": {
            "config": {
                "oslist": "macos"
            },
            "manifests": {
                "public": {
                    "gid": "2995267357152202343",
                    "size": "192962711",
                    "download": "52734688"
                }
            },
            "decryptionkey": "FF813DCC60265582F65F61E4AB399689124C32D7147DC5ADD8CCC9CB3077310E"
        },
        "branches": {
            "public": {
                "buildid": "19260982",
                "timeupdated": "1752760913"
            },
            "1_63_legacy_patch": {
                "buildid": "11545061",
                "description": "1.63 Legacy Version",
                "timeupdated": "1695308314"
            },
            "2_13_old": {
                "buildid": "15646965",
                "description": "2.13 Patch Rollback",
                "timeupdated": "1733849034"
            },
            "2_21_old": {
                "buildid": "17055519",
                "description": "Patch 2.21",
                "timeupdated": "1752757058"
            }
        },
        "privatebranches": "1",
        "appmanagesdlc": "1",
        "workshopdepotdecryptionkey": "cf941dce25dfe9090877d385fca0ded473ecc1e12a09e28698b5c8dd3c134598"
    }
}