{
    "appid": 431960,
    "name": "Wallpaper Engine",
    "type": "Application",
    "schinese_name": "Wallpaper Engine：壁纸引擎",
    "isfreeapp": 0,
    "update_time": "2025-07-19 22:43:59",
    "change_number": 30149864,
    "depot": {
        "workshopdepot": "431960",
        "baselanguages": "english,german,french,italian,koreana,spanish,schinese,tchinese,russian,thai,japanese,portuguese,polish,danish,dutch,finnish,norwegian,swedish,hungarian,czech,romanian,turkish,arabic,brazilian,bulgarian,greek,ukrainian,latam,vietnamese",
        "hasdepotsindlc": "1",
        "431961": {
            "manifests": {
                "public": {
                    "gid": "3123617359715496904",
                    "size": "628724854",
                    "download": "271191248"
                },
                "beta": {
                    "gid": "6209715900788640250",
                    "size": "657204625",
                    "download": "299558576"
                },
                "previous": {
                    "gid": "5465725012314299548",
                    "size": "618167723",
                    "download": "268283680"
                },
                "windows_7_support": {
                    "gid": "3682614711587149074",
                    "size": "555725817",
                    "download": "247327024"
                }
            },
            "decryptionkey": "62ac71786b9fbeecc473fccb8a14da04ea676371addd8820638ee6cddac8c344"
        },
        "431966": {
            "config": {
                "realm": "steamchina"
            },
            "manifests": {
                "public": {
                    "gid": "1004714038687551688",
                    "size": "7163688",
                    "download": "1417712"
                },
                "beta": {
                    "gid": "3293461390120836383",
                    "size": "7522760",
                    "download": "1485104"
                },
                "previous": {
                    "gid": "1677112453947627885",
                    "size": "6893178",
                    "download": "1372512"
                },
                "windows_7_support": {
                    "gid": "1300600108985760688",
                    "size": "6764024",
                    "download": "1353952"
                }
            },
            "decryptionkey": "3217352ccc45b8943d6af58c14d359a38f2897bcf4d2f7f7eb117f79f1887fc4"
        },
        "branches": {
            "public": {
                "buildid": "17411184",
                "timeupdated": "1739980819"
            },
            "beta": {
                "buildid": "19287796",
                "description": "public beta testing, preview for next update",
                "timeupdated": "1752961436"
            },
            "previous": {
                "buildid": "14603215",
                "description": "old release, always the preceding version",
                "timeupdated": "1739210258"
            },
            "windows_7_support": {
                "sc_schinese": " Windows 7 支持",
                "buildid": "13565722",
                "description": "Windows 7 support",
                "timeupdated": "1714943971"
            }
        },
        "privatebranches": "1",
        "workshopdepotdecryptionkey": "db983bc58a8cb46d89d1d70cc962cc733956e6124c4025a0c932f82b3c37144a"
    }
}