{
    "appid": 3240220,
    "name": "Grand Theft Auto V Enhanced",
    "type": "Game",
    "schinese_name": "Grand Theft Auto V 增强版",
    "isfreeapp": 0,
    "update_time": "2025-07-23 18:28:53",
    "change_number": 30211665,
    "depot": {
        "baselanguages": "english,german,french,italian,koreana,spanish,schinese,tchinese,russian,japanese,polish,brazilian,latam",
        "3240221": {
            "manifests": {
                "public": {
                    "gid": "7738940149188702855",
                    "size": "600",
                    "download": "480"
                }
            },
            "decryptionkey": "61fc2e176574df29022e435d489e10efa92e38b3297e1f0c641e63b11df58a8a"
        },
        "3240222": {
            "manifests": {
                "public": {
                    "gid": "4963433333338385055",
                    "size": "34310688685",
                    "download": "33815370368"
                }
            },
            "decryptionkey": "a90ba98205062c9ae855344794a6a3e0e9e59d825595f0508d7276e4d26da852"
        },
        "3240223": {
            "manifests": {
                "public": {
                    "gid": "6109028520665039655",
                    "size": "9159647232",
                    "download": "8844713904"
                }
            },
            "decryptionkey": "46bece69b70a0f45bc94213cabf17a5a8e0546fe5b42c9d71f357f9fd7eaa605"
        },
        "3240224": {
            "manifests": {
                "public": {
                    "gid": "8199844505118282328",
                    "size": "53216577536",
                    "download": "51055008096"
                }
            },
            "decryptionkey": "3ff530fbca5308cf7d55f33334770b536834d48139880615673f26e3569b99d9"
        },
        "3240225": {
            "manifests": {
                "public": {
                    "gid": "4368276980046713117",
                    "size": "3297853144",
                    "download": "3130537648"
                }
            },
            "decryptionkey": "8951f7eb7724cc2b407c9170e8bf5ce6792f8d6a7ad6a42c460a74abacac719a"
        },
        "1899671": {
            "manifests": {
                "public": {
                    "gid": "1313721849634300954",
                    "size": "223812877",
                    "download": "187185200"
                }
            },
            "depotfromapp": "1899670",
            "decryptionkey": "b7921da5e50d00b2238d0fe870a354cb572bc5d397955fef02a439103f62827b"
        },
        "branches": {
            "public": {
                "buildid": "19069128",
                "timeupdated": "1751965338"
            }
        },
        "privatebranches": "1"
    }
}