{
    "appid": 2183900,
    "name": "Warhammer 40,000: Space Marine 2",
    "type": "Game",
    "schinese_name": "战锤40K：星际战士2",
    "isfreeapp": 0,
    "update_time": "2025-06-21 13:47:19",
    "change_number": 29679602,
    "depot": {
        "baselanguages": "english,german,french,italian,koreana,spanish,schinese,tchinese,russian,thai,japanese,portuguese,polish,czech,turkish,brazilian,ukrainian,latam",
        "228989": {
            "config": {
                "oslist": "windows"
            },
            "depotfromapp": "228980",
            "sharedinstall": "1"
        },
        "2183901": {
            "manifests": {
                "public": {
                    "gid": "1402240209931868812",
                    "size": "77800671869",
                    "download": "62403079680"
                }
            },
            "decryptionkey": "8df236a6a5084039477362b31157e7e0eb66554a744762d6782c544ab64d0c4e"
        },
        "3202690": {
            "dlcappid": "3202690",
            "manifests": {
                "public": {
                    "gid": "7038592287560796420",
                    "size": "105342676819",
                    "download": "105902336336"
                }
            },
            "decryptionkey": "00c47f82b08192958b11307abb87c755003eb8dfae75063373e379c296b26083"
        },
        "3212040": {
            "dlcappid": "3212040",
            "manifests": {
                "public": {
                    "gid": "7457655780363166458",
                    "size": "192137587",
                    "download": "112129136"
                }
            },
            "decryptionkey": "e3818ce0f203d78eed2647e6364bd19a702fd8d7a01230f77a038e0fd26b0ffb"
        },
        "branches": {
            "public": {
                "buildid": "18282335",
                "timeupdated": "1745940688"
            }
        },
        "privatebranches": "1"
    },
    "access_token": 12779763340560861411
}