{
    "appid": 2215430,
    "name": "Ghost of Tsushima DIRECTOR'S CUT",
    "type": "Game",
    "schinese_name": "对马岛之魂：导演剪辑版",
    "isfreeapp": 0,
    "update_time": "2025-06-27 16:08:06",
    "change_number": 29789628,
    "depot": {
        "baselanguages": "english,german,french,italian,spanish,russian,japanese,portuguese,polish,brazilian,latam",
        "228989": {
            "config": {
                "oslist": "windows"
            },
            "depotfromapp": "228980",
            "sharedinstall": "1"
        },
        "2215431": {
            "config": {
                "oslist": "windows",
                "osarch": "64"
            },
            "manifests": {
                "public": {
                    "gid": "2487526968889827979",
                    "size": "52363603040",
                    "download": "47220008352"
                },
                "previous_version": {
                    "gid": "4184878222351777491",
                    "size": "52363603290",
                    "download": "47220003952"
                }
            },
            "decryptionkey": "dfc6d3958470277318949e0773165b9ce5d26f6ae73e2d37b9edfe4b934067a1"
        },
        "2215432": {
            "config": {
                "oslist": "windows",
                "osarch": "64"
            },
            "manifests": {
                "public": {
                    "gid": "6695563389170128716",
                    "size": "564593904",
                    "download": "469991088"
                },
                "previous_version": {
                    "gid": "4619479369704082919",
                    "size": "564580592",
                    "download": "469986448"
                }
            },
            "decryptionkey": "b218c016d1b02dd7d4722fe5d6bcf3d44d8a8c978f493678df8a98d855e74c8a"
        },
        "2215433": {
            "config": {
                "oslist": "windows",
                "osarch": "64"
            },
            "dlcappid": "2374400",
            "manifests": {
                "public": {
                    "gid": "5073255343123142930",
                    "size": "492425269",
                    "download": "113870336"
                },
                "previous_version": {
                    "gid": "335094367581231403",
                    "size": "489037365",
                    "download": "112906480"
                }
            },
            "decryptionkey": ""
        },
        "2215434": {
            "config": {
                "oslist": "windows",
                "osarch": "64"
            },
            "manifests": {
                "public": {
                    "gid": "880597362622556889",
                    "size": "1489009011",
                    "download": "1432913888"
                },
                "previous_version": {
                    "gid": "880597362622556889",
                    "size": "1489009011",
                    "download": "1432913888"
                }
            },
            "decryptionkey": "d712c2f977a832063ecdee3943236ccfdfc386c19d05a30c85a880273ab6f110"
        },
        "2215435": {
            "config": {
                "language": "french",
                "oslist": "windows",
                "osarch": "64"
            },
            "manifests": {
                "public": {
                    "gid": "1863574855436603894",
                    "size": "1572632439",
                    "download": "1522360960"
                },
                "previous_version": {
                    "gid": "1863574855436603894",
                    "size": "1572632439",
                    "download": "1522360960"
                }
            },
            "decryptionkey": "3b81d2d844c42ba84e7f1148c247462c18b8c866280a04ec7911186bbcc980cb"
        },
        "2215436": {
            "config": {
                "language": "german",
                "oslist": "windows",
                "osarch": "64"
            },
            "manifests": {
                "public": {
                    "gid": "1796106105136443903",
                    "size": "1559083790",
                    "download": "1502873680"
                },
                "previous_version": {
                    "gid": "1796106105136443903",
                    "size": "1559083790",
                    "download": "1502873680"
                }
            },
            "decryptionkey": "70f30c99113cd922e3922176112072fb0342fa8ea9d70ab21b2b9c9490095bda"
        },
        "2215437": {
            "config": {
                "language": "italian",
                "oslist": "windows",
                "osarch": "64"
            },
            "manifests": {
                "public": {
                    "gid": "3323346763871935321",
                    "size": "1573572608",
                    "download": "1511898096"
                },
                "previous_version": {
                    "gid": "3323346763871935321",
                    "size": "1573572608",
                    "download": "1511898096"
                }
            },
            "decryptionkey": "e57984af0d5ec477c23316b244de1e09be8a1cc1b7818765e71d229d5b6d025a"
        },
        "2215438": {
            "config": {
                "oslist": "windows",
                "osarch": "64"
            },
            "manifests": {
                "public": {
                    "gid": "456458792403026016",
                    "size": "1528596447",
                    "download": "1466634544"
                },
                "previous_version": {
                    "gid": "456458792403026016",
                    "size": "1528596447",
                    "download": "1466634544"
                }
            },
            "decryptionkey": "7700f2391ea9b7bdeae2d69c20788091cad2d095c83a4c78f0d2ba27673b75d3"
        },
        "2215439": {
            "config": {
                "oslist": "windows",
                "osarch": "64"
            },
            "manifests": {
                "public": {
                    "gid": "54291554563801837",
                    "size": "0",
                    "download": "0"
                },
                "previous_version": {
                    "gid": "54291554563801837",
                    "size": "0",
                    "download": "0"
                }
            },
            "decryptionkey": ""
        },
        "2374401": {
            "config": {
                "language": "polish",
                "oslist": "windows",
                "osarch": "64"
            },
            "manifests": {
                "public": {
                    "gid": "7514406970275802178",
                    "size": "1526377848",
                    "download": "1466155136"
                },
                "previous_version": {
                    "gid": "7514406970275802178",
                    "size": "1526377848",
                    "download": "1466155136"
                }
            },
            "decryptionkey": "178cd22d92120cd366e68ec088399abb594be5eec78799a05eebe3af9b0cc078"
        },
        "2374402": {
            "config": {
                "language": "brazilian",
                "oslist": "windows",
                "osarch": "64"
            },
            "manifests": {
                "public": {
                    "gid": "2698341523604478776",
                    "size": "1517035859",
                    "download": "1461634224"
                },
                "previous_version": {
                    "gid": "2698341523604478776",
                    "size": "1517035859",
                    "download": "1461634224"
                }
            },
            "decryptionkey": "0618ff72abfe8aed89c4220aa8b4e88ba392647dda99471696237c05b8c0c163"
        },
        "2374403": {
            "config": {
                "language": "portuguese",
                "oslist": "windows",
                "osarch": "64"
            },
            "manifests": {
                "public": {
                    "gid": "1987191691667552546",
                    "size": "1541420694",
                    "download": "1494536896"
                },
                "previous_version": {
                    "gid": "1987191691667552546",
                    "size": "1541420694",
                    "download": "1494536896"
                }
            },
            "decryptionkey": "e54d4cd0930e0f16e1e19d6cc7b45cefcc4d7178d2bbbbf0fc9640dd00d884bd"
        },
        "2374404": {
            "config": {
                "language": "russian",
                "oslist": "windows",
                "osarch": "64"
            },
            "manifests": {
                "public": {
                    "gid": "920234296562245404",
                    "size": "1633869032",
                    "download": "1577054272"
                },
                "previous_version": {
                    "gid": "920234296562245404",
                    "size": "1633869032",
                    "download": "1577054272"
                }
            },
            "decryptionkey": "1b65fb40764978104667193422e1797e9a41484825b0a684a881e6a077322144"
        },
        "2374405": {
            "config": {
                "language": "latam",
                "oslist": "windows",
                "osarch": "64"
            },
            "manifests": {
                "public": {
                    "gid": "2651609085075129958",
                    "size": "1497725455",
                    "download": "1440694128"
                },
                "previous_version": {
                    "gid": "2651609085075129958",
                    "size": "1497725455",
                    "download": "1440694128"
                }
            },
            "decryptionkey": "20e0bd9426f12532d58d6806e810957c22dadd475463bafb50fab9fc147a35d5"
        },
        "2374406": {
            "config": {
                "language": "spanish",
                "oslist": "windows",
                "osarch": "64"
            },
            "manifests": {
                "public": {
                    "gid": "958702514083162933",
                    "size": "1532509583",
                    "download": "1475385104"
                },
                "previous_version": {
                    "gid": "958702514083162933",
                    "size": "1532509583",
                    "download": "1475385104"
                }
            },
            "decryptionkey": "0c450f698f7c08adbe60ca98ec5298f7adbd213a8b7e0e016e5acabb22d12d84"
        },
        "branches": {
            "public": {
                "buildid": "15322290",
                "timeupdated": "1723558724"
            },
            "previous_version": {
                "buildid": "15074263",
                "description": "Rollback to previous version",
                "timeupdated": "1723128769"
            }
        },
        "privatebranches": "1"
    }
}