{
    "appid": "2000950",
    "type": "Game",
    "name": "Call of Duty®: Modern Warfare®",
    "schinese_name": "使命召唤：现代战争",
    "isfreeapp": "0",
    "change_number": "28999616",
    "update_time": "2025-05-15 18:10:06",
    "depot": {
        "baselanguages": "",
        "2000951": {
            "manifests": {
                "public": {
                    "gid": "6017155528019757594",
                    "size": "82630960884",
                    "download": "79901634640"
                }
            },
            "decryptionkey": "89f7ea826aca3f28f0ece5ac9223a27bd632c3dbc4c32ca991ae009eb243bce6"
        },
        "2117866": {
            "manifests": {
                "public": {
                    "gid": "1199484232891708852",
                    "size": "469678430",
                    "download": "287667360"
                }
            },
            "decryptionkey": "e9ef0c6b43a6035e487925421609ca5234e23e8cc7c70a81654f2cd08caa7095"
        },
        "2000957": {
            "config": {
                "language": "english"
            },
            "manifests": {
                "public": {
                    "gid": "3882374967017007319",
                    "size": "1757439874",
                    "download": "1673927616"
                }
            },
            "decryptionkey": "94f6cdb4a8744b280aad9748fa8fd4b7dfb5ea51e74f041a5b20a06ef4453ee8"
        },
        "2000952": {
            "config": {
                "language": "arabic"
            },
            "manifests": {
                "public": {
                    "gid": "1024829292661433709",
                    "size": "1760962433",
                    "download": "1678101552"
                }
            },
            "decryptionkey": "57ff9f6b88c52d489ad760dcdcd46e39eab6df8859089225d0953c3f40dad60a"
        },
        "2117856": {
            "config": {
                "language": "tchinese"
            },
            "manifests": {
                "public": {
                    "gid": "60731480537589453",
                    "size": "1817814926",
                    "download": "1734906240"
                }
            },
            "decryptionkey": "2070c9e68c871aa68a80cfb90af341340f4aac051bfc638c46ef387694fd6c18"
        },
        "2117486": {
            "config": {
                "language": "french"
            },
            "manifests": {
                "public": {
                    "gid": "3752244504154239818",
                    "size": "1766689793",
                    "download": "1670283232"
                }
            },
            "decryptionkey": "2c5dd0200dfc656bb8686646cb95bfd9fcda8f86a425fbec9c0cbf785e4446b4"
        },
        "2117811": {
            "config": {
                "language": "german"
            },
            "manifests": {
                "public": {
                    "gid": "324110229217810141",
                    "size": "1993824769",
                    "download": "1891917408"
                }
            },
            "decryptionkey": "f0f4f27aba7b9c6627ee98ed3116b3bb38c2c9807506b0c9d8b2b28f0586bb0e"
        },
        "2117816": {
            "config": {
                "language": "italian"
            },
            "manifests": {
                "public": {
                    "gid": "3113830547803140841",
                    "size": "1941277186",
                    "download": "1844137936"
                }
            },
            "decryptionkey": "2d303675f6840f807487df98e8088d3a04245f47bda7f34ea0c9bb653692f412"
        },
        "2117821": {
            "config": {
                "language": "japanese"
            },
            "manifests": {
                "public": {
                    "gid": "2540473106604536091",
                    "size": "3709068691",
                    "download": "3480441568"
                }
            },
            "decryptionkey": "267e8b1ff50dbb5872f6a9da7ac339b60f2da935f84d7f791410ce316236f15a"
        },
        "2117826": {
            "config": {
                "language": "koreana"
            },
            "manifests": {
                "public": {
                    "gid": "1323478381403702897",
                    "size": "3559352207",
                    "download": "3294037984"
                }
            },
            "decryptionkey": "c481044532c59f9b2e0af0a6711b90e49f5ce7a8bf2c989fe5946606b44dbe07"
        },
        "2117831": {
            "config": {
                "language": "polish"
            },
            "manifests": {
                "public": {
                    "gid": "2936250551668388717",
                    "size": "3673912079",
                    "download": "3459009968"
                }
            },
            "decryptionkey": "93198d1d90d595e514bcb9e242439c46ba943f77346489d6bdfc0114f86238ca"
        },
        "2117836": {
            "config": {
                "language": "brazilian"
            },
            "manifests": {
                "public": {
                    "gid": "7647822465015426953",
                    "size": "1904012037",
                    "download": "1809375536"
                }
            },
            "decryptionkey": "7a4d7f0b29f5ae718a6046a8ca96b5e7deebe6b3a6527778ccbff9d2f65c998e"
        },
        "2117841": {
            "config": {
                "language": "russian"
            },
            "manifests": {
                "public": {
                    "gid": "3596185142020440416",
                    "size": "3826184337",
                    "download": "3613054480"
                }
            },
            "decryptionkey": "117ee01c9b1fa6c8781a1cb0bb8a76c4a28dc7e2a8709ac20aad7920f73db3da"
        },
        "2117851": {
            "config": {
                "language": "latam"
            },
            "manifests": {
                "public": {
                    "gid": "9186461309581100713",
                    "size": "1965336836",
                    "download": "1871860320"
                }
            },
            "decryptionkey": "81d9112968df1dfd132366531852836e08832b09f92970ea4c5ef1bf51c437fb"
        },
        "2117846": {
            "config": {
                "language": "spanish"
            },
            "manifests": {
                "public": {
                    "gid": "7410433615424253681",
                    "size": "2027657346",
                    "download": "1930316304"
                }
            },
            "decryptionkey": "4b11035eeee6eef4bafe2a3ad6ceb3691cfc30c0c02dc06cecd9ee85e7b6f1a5"
        },
        "2000958": {
            "dlcappid": "2117480",
            "config": {
                "language": "english"
            },
            "manifests": {
                "public": {
                    "gid": "5944912481176423077",
                    "size": "313331328",
                    "download": "304438672"
                }
            },
            "decryptionkey": "f2e7f8186519b53eb498f3fabed994531863425687ad3718b86568e16222410c"
        },
        "2000953": {
            "config": {
                "language": "arabic"
            },
            "dlcappid": "2117480",
            "manifests": {
                "public": {
                    "gid": "3382745380026668541",
                    "size": "314232448",
                    "download": "305316256"
                }
            },
            "decryptionkey": "858bb3da8ab9795e269659296d78e51ee4b74d68ef5ddb0bb5ea10667cbb1bf1"
        },
        "2117857": {
            "dlcappid": "2117480",
            "config": {
                "language": "tchinese"
            },
            "manifests": {
                "public": {
                    "gid": "3088966385569583595",
                    "size": "315166336",
                    "download": "306169136"
                }
            },
            "decryptionkey": "873ae9c209e1b65dab204c54715002f7a31eb15fdd8462d6fc69b0ea2c2a685f"
        },
        "2117487": {
            "dlcappid": "2117480",
            "config": {
                "language": "french"
            },
            "manifests": {
                "public": {
                    "gid": "1590978317283340817",
                    "size": "312303104",
                    "download": "303930224"
                }
            },
            "decryptionkey": "06f4a5d55acac5dc4c73eac606cdd1580621b80046dc83b82fc86eb4a5596099"
        },
        "2117812": {
            "dlcappid": "2117480",
            "config": {
                "language": "german"
            },
            "manifests": {
                "public": {
                    "gid": "8364685356463175404",
                    "size": "335285760",
                    "download": "326755664"
                }
            },
            "decryptionkey": "c19952e6e5599259b7417df0608a613e2a1b7d727dc8f2b29b45d6e6fb1a9b68"
        },
        "2117817": {
            "dlcappid": "2117480",
            "config": {
                "language": "italian"
            },
            "manifests": {
                "public": {
                    "gid": "2414178251577762024",
                    "size": "328900096",
                    "download": "320278576"
                }
            },
            "decryptionkey": "210a64905c0e72eecdf6982fc189f5ec59aab4c66feac1c93643911f0d86ecd5"
        },
        "2117822": {
            "dlcappid": "2117480",
            "config": {
                "language": "japanese"
            },
            "manifests": {
                "public": {
                    "gid": "2645550012776551238",
                    "size": "630885504",
                    "download": "564576288"
                }
            },
            "decryptionkey": "78cfde88b40042dbb4aa270e6def0c9d65bba772fa4d3395fda543a7b308a04d"
        },
        "2117827": {
            "dlcappid": "2117480",
            "config": {
                "language": "koreana"
            },
            "manifests": {
                "public": {
                    "gid": "1813021382389768668",
                    "size": "624401536",
                    "download": "558477184"
                }
            },
            "decryptionkey": "cfbbf382d0972a49a367a2969903c24ae67994cebdb7d5867181e79122e39cf9"
        },
        "2117832": {
            "dlcappid": "2117480",
            "config": {
                "language": "polish"
            },
            "manifests": {
                "public": {
                    "gid": "7844885186663036702",
                    "size": "638430336",
                    "download": "571989296"
                }
            },
            "decryptionkey": "f4bb13d0322112309648c14b3b975077781a37c88534fb6b2a0fe21518f8f18c"
        },
        "2117837": {
            "dlcappid": "2117480",
            "config": {
                "language": "brazilian"
            },
            "manifests": {
                "public": {
                    "gid": "8452129274559213797",
                    "size": "321842688",
                    "download": "313200176"
                }
            },
            "decryptionkey": "34c05e6e2cb0016b6cf9d2362cbb6eb7d544ae19cdf1a7f3748e8389ebf2a2da"
        },
        "2117842": {
            "dlcappid": "2117480",
            "config": {
                "language": "russian"
            },
            "manifests": {
                "public": {
                    "gid": "4282261740899717283",
                    "size": "666117888",
                    "download": "610451376"
                }
            },
            "decryptionkey": "6bd3201c31cf96cc7d5e76fa940b1b8c6d6093ea27389e648d6896ab062b55db"
        },
        "2117852": {
            "dlcappid": "2117480",
            "config": {
                "language": "latam"
            },
            "manifests": {
                "public": {
                    "gid": "1003624582244363854",
                    "size": "328400384",
                    "download": "319668688"
                }
            },
            "decryptionkey": "dbd44f82659ca367a289c2b32f16c6fb19437d666c79b9882ef35736321ce5e3"
        },
        "2117847": {
            "dlcappid": "2117480",
            "config": {
                "language": "spanish"
            },
            "manifests": {
                "public": {
                    "gid": "5334903044796336957",
                    "size": "335543808",
                    "download": "326745280"
                }
            },
            "decryptionkey": "203fb757a8112ae1e22c87233b32bc406f7836a6a1dede5027e1ba1988e6f142"
        },
        "2000959": {
            "dlcappid": "2117481",
            "config": {
                "language": "english"
            },
            "manifests": {
                "public": {
                    "gid": "3975480440838983492",
                    "size": "87083440",
                    "download": "62389440"
                }
            },
            "decryptionkey": "4685b681e73a868611c586755864591b5b4425bf7b9429c221ea1bd11bf2daeb"
        },
        "2000954": {
            "config": {
                "language": "arabic"
            },
            "dlcappid": "2117481",
            "manifests": {
                "public": {
                    "gid": "4092521335344146604",
                    "size": "87083440",
                    "download": "62390528"
                }
            },
            "decryptionkey": "ae265d6aaa81de6d02655d4cf05ead37a9f6daa9dbe2ec5e82bc3d7e6444acd6"
        },
        "2117858": {
            "dlcappid": "2117481",
            "config": {
                "language": "tchinese"
            },
            "manifests": {
                "public": {
                    "gid": "8199973118161956692",
                    "size": "87083440",
                    "download": "62387664"
                }
            },
            "decryptionkey": "e119a8c34f040bec349615da54753c7b6f22cfcfd93bc89ceb5362c8459aef49"
        },
        "2117488": {
            "dlcappid": "2117481",
            "config": {
                "language": "french"
            },
            "manifests": {
                "public": {
                    "gid": "6561374842794936144",
                    "size": "87079344",
                    "download": "62385168"
                }
            },
            "decryptionkey": "c51db787b6c22dd27d4e588868bde77081d2f86ad609b581433edfb636c12e5c"
        },
        "2117813": {
            "dlcappid": "2117481",
            "config": {
                "language": "german"
            },
            "manifests": {
                "public": {
                    "gid": "8819930670137057612",
                    "size": "87128496",
                    "download": "62397328"
                }
            },
            "decryptionkey": "22cf64d5fff978c8fedbef6be350b82c5b26cd177a92b700858b4082f10ce32b"
        },
        "2117818": {
            "dlcappid": "2117481",
            "config": {
                "language": "italian"
            },
            "manifests": {
                "public": {
                    "gid": "2186393543188172464",
                    "size": "87083440",
                    "download": "62392464"
                }
            },
            "decryptionkey": "17aa6fd931f943aae0f664b62621849b6663ffef600719fb575656fcfc624abf"
        },
        "2117823": {
            "dlcappid": "2117481",
            "config": {
                "language": "japanese"
            },
            "manifests": {
                "public": {
                    "gid": "7528504682654402748",
                    "size": "174166880",
                    "download": "124777616"
                }
            },
            "decryptionkey": "975a0857133f2aaac18964da678931ff6abd2283a024ece540531b36190a5ed4"
        },
        "2117828": {
            "dlcappid": "2117481",
            "config": {
                "language": "koreana"
            },
            "manifests": {
                "public": {
                    "gid": "5565528271553329998",
                    "size": "174166880",
                    "download": "124783824"
                }
            },
            "decryptionkey": "aec0ec94b514becb3b2488f75da2d1d69d8fe4047951052840218a59f0dcaa1a"
        },
        "2117833": {
            "dlcappid": "2117481",
            "config": {
                "language": "polish"
            },
            "manifests": {
                "public": {
                    "gid": "3709825031900175527",
                    "size": "174166880",
                    "download": "124779328"
                }
            },
            "decryptionkey": "0b730276f61e41d60742010d22a944c082c7ea663f2f0658b0b2902a6c074537"
        },
        "2117838": {
            "dlcappid": "2117481",
            "config": {
                "language": "brazilian"
            },
            "manifests": {
                "public": {
                    "gid": "6192900882703277554",
                    "size": "87239088",
                    "download": "62395648"
                }
            },
            "decryptionkey": "ff03c9afea48ac5ada40a7e0b06e7a4f97ed1e278971c6ed8c464c19eb1063b6"
        },
        "2117843": {
            "dlcappid": "2117481",
            "config": {
                "language": "russian"
            },
            "manifests": {
                "public": {
                    "gid": "1082854964715604756",
                    "size": "174322528",
                    "download": "124794192"
                }
            },
            "decryptionkey": "73f40ea4869858907e67538d24e3f0a9e7b5ff67f4a47be836c0fe09eec1e718"
        },
        "2117853": {
            "dlcappid": "2117481",
            "config": {
                "language": "latam"
            },
            "manifests": {
                "public": {
                    "gid": "1479092873031948131",
                    "size": "87083440",
                    "download": "62393424"
                }
            },
            "decryptionkey": "72514b6781efd11175a87d04ff731dab6afa34c7f3ed30b7ad26be829caf8d70"
        },
        "2117848": {
            "dlcappid": "2117481",
            "config": {
                "language": "spanish"
            },
            "manifests": {
                "public": {
                    "gid": "3254612099216828424",
                    "size": "87239088",
                    "download": "62395936"
                }
            },
            "decryptionkey": "0485802ea25f791a5280da7833f5820a278bc392fe7c7ee296f868e661834438"
        },
        "2117484": {
            "dlcappid": "2117482",
            "config": {
                "language": "english"
            },
            "manifests": {
                "public": {
                    "gid": "7190573209684969178",
                    "size": "897079216",
                    "download": "720793792"
                }
            },
            "decryptionkey": "4eeb929beb4dbddee341268c9e1f18f153996146a713fcccde136e7fc9f72662"
        },
        "2000955": {
            "config": {
                "language": "arabic"
            },
            "dlcappid": "2117482",
            "manifests": {
                "public": {
                    "gid": "664144167151811770",
                    "size": "898766768",
                    "download": "722448192"
                }
            },
            "decryptionkey": "b072c8687e7b1bf18630fc47399f9ad26e686b3ee24fdadd5753f1290b09f688"
        },
        "2117859": {
            "dlcappid": "2117482",
            "config": {
                "language": "tchinese"
            },
            "manifests": {
                "public": {
                    "gid": "7487672552063866368",
                    "size": "897144752",
                    "download": "720835312"
                }
            },
            "decryptionkey": "53ebda1763790017a3f649fd10978da3e3732cdf305572e60253309ecbf453c1"
        },
        "2117489": {
            "dlcappid": "2117482",
            "config": {
                "language": "french"
            },
            "manifests": {
                "public": {
                    "gid": "3397793271798412310",
                    "size": "959768368",
                    "download": "758104000"
                }
            },
            "decryptionkey": "9b002ef61e588a3ce3c37081e2ccbe7251bfaaf8cde07d7d70f9413fc27ac867"
        },
        "2117814": {
            "dlcappid": "2117482",
            "config": {
                "language": "german"
            },
            "manifests": {
                "public": {
                    "gid": "2923197037171383519",
                    "size": "1054541616",
                    "download": "853166672"
                }
            },
            "decryptionkey": "896c7243b9c2308d9410a59ce45d85e185fd9684168be455c98b563825beadc5"
        },
        "2117819": {
            "dlcappid": "2117482",
            "config": {
                "language": "italian"
            },
            "manifests": {
                "public": {
                    "gid": "3591067268116697795",
                    "size": "1030522672",
                    "download": "825023584"
                }
            },
            "decryptionkey": "43845741efd3f63c973f0a51862cca1550b19f169f2568635c7fab116cef7df4"
        },
        "2117824": {
            "dlcappid": "2117482",
            "config": {
                "language": "japanese"
            },
            "manifests": {
                "public": {
                    "gid": "6292817019320187353",
                    "size": "1890684640",
                    "download": "1480538720"
                }
            },
            "decryptionkey": "b3bcdaaea6de86267fd62527f8dd07485656e8da23895008ca66fe010a64cb41"
        },
        "2117829": {
            "dlcappid": "2117482",
            "config": {
                "language": "koreana"
            },
            "manifests": {
                "public": {
                    "gid": "1423937968636640048",
                    "size": "1793793760",
                    "download": "1389939312"
                }
            },
            "decryptionkey": "6deef16c54334bbea7b6dc66c1a8a0c5f7938d6b81f447b9520a77ac893b6fd8"
        },
        "2117834": {
            "dlcappid": "2117482",
            "config": {
                "language": "polish"
            },
            "manifests": {
                "public": {
                    "gid": "3465918531067616415",
                    "size": "1918016592",
                    "download": "1483585424"
                }
            },
            "decryptionkey": "62acee72fbcf2f84fa773c9ca66f58cf06204ffea824c776160afdba173c47d8"
        },
        "2117839": {
            "dlcappid": "2117482",
            "config": {
                "language": "brazilian"
            },
            "manifests": {
                "public": {
                    "gid": "4299308759216831111",
                    "size": "1008510768",
                    "download": "807904992"
                }
            },
            "decryptionkey": "06cff2cf6a7970d75ec019ec8b28c71a54fdec464ce74221eefef124f8c88541"
        },
        "2117844": {
            "dlcappid": "2117482",
            "config": {
                "language": "russian"
            },
            "manifests": {
                "public": {
                    "gid": "3181137086099984265",
                    "size": "2016364896",
                    "download": "1582243840"
                }
            },
            "decryptionkey": "0194cedf7680461a258da83f8abef2d56c6ea189d8d8af343101c40bcc74ba7c"
        },
        "2117854": {
            "dlcappid": "2117482",
            "config": {
                "language": "latam"
            },
            "manifests": {
                "public": {
                    "gid": "2599233095317689724",
                    "size": "1040758576",
                    "download": "830687344"
                }
            },
            "decryptionkey": "e44e507f66c072da50e635823ea9edd5be3ea5f4331689610f862124bd199a6e"
        },
        "2117849": {
            "dlcappid": "2117482",
            "config": {
                "language": "spanish"
            },
            "manifests": {
                "public": {
                    "gid": "5700976001037368995",
                    "size": "1083258672",
                    "download": "873850512"
                }
            },
            "decryptionkey": "41a919e7685e8ee92f6243f914220c7c9160b8571515527ad527946c3dce7836"
        },
        "2117485": {
            "dlcappid": "2117483",
            "config": {
                "language": "english"
            },
            "manifests": {
                "public": {
                    "gid": "3067922299560160858",
                    "size": "234835360",
                    "download": "37881520"
                }
            },
            "decryptionkey": "01336e86308d7636051d72e7dfe6949b88a7c7a0f7ee9b61b92fd460d9f27a0d"
        },
        "2000956": {
            "dlcappid": "2117483",
            "config": {
                "language": "arabic"
            },
            "manifests": {
                "public": {
                    "gid": "3268268008651853268",
                    "size": "234835360",
                    "download": "37883472"
                }
            },
            "decryptionkey": "e23db3a3276d705f77c53bc56fbd6fdc86a0060a59d02a68efa956dfc922dd82"
        },
        "2117860": {
            "dlcappid": "2117483",
            "config": {
                "language": "tchinese"
            },
            "manifests": {
                "public": {
                    "gid": "3277643581564502824",
                    "size": "234835360",
                    "download": "37880736"
                }
            },
            "decryptionkey": "58515ecee8146605e0da1703175e51dc9efd0b4101b8800c3816b2637fb9f417"
        },
        "2117810": {
            "dlcappid": "2117483",
            "config": {
                "language": "french"
            },
            "manifests": {
                "public": {
                    "gid": "793780619225096321",
                    "size": "278347168",
                    "download": "45415664"
                }
            },
            "decryptionkey": "fd274693bfb21aed23531d0723f7fff4d766cc06da7367468f0d2e8a89b820f8"
        },
        "2117815": {
            "dlcappid": "2117483",
            "config": {
                "language": "german"
            },
            "manifests": {
                "public": {
                    "gid": "4548243029532480643",
                    "size": "270851488",
                    "download": "40912576"
                }
            },
            "decryptionkey": "965a9a6a5a748e7e7b98607450adff55f6faa71313e0e89798a36df25f9d5420"
        },
        "2117820": {
            "dlcappid": "2117483",
            "config": {
                "language": "italian"
            },
            "manifests": {
                "public": {
                    "gid": "7566109110514813464",
                    "size": "276913568",
                    "download": "42154256"
                }
            },
            "decryptionkey": "efc0b01141f5b78cfe0b997f1138cbd212a873c6809b47d121e07d3344fb7c2d"
        },
        "2117825": {
            "dlcappid": "2117483",
            "config": {
                "language": "japanese"
            },
            "manifests": {
                "public": {
                    "gid": "4043250149975239507",
                    "size": "472263488",
                    "download": "75230416"
                }
            },
            "decryptionkey": "8ed222c66c29e8f0a528d7b038bb20ba505a076683f1224272c7cc09021eb6f2"
        },
        "2117830": {
            "dlcappid": "2117483",
            "config": {
                "language": "koreana"
            },
            "manifests": {
                "public": {
                    "gid": "7433746124213451687",
                    "size": "475294528",
                    "download": "75845008"
                }
            },
            "decryptionkey": "6f0ff99c6f5953d88864f78b97de84ad85141a0cf1c1254d66ff71655baa1d5e"
        },
        "2117835": {
            "dlcappid": "2117483",
            "config": {
                "language": "polish"
            },
            "manifests": {
                "public": {
                    "gid": "1671398824994437357",
                    "size": "513706816",
                    "download": "80764288"
                }
            },
            "decryptionkey": "427cf05dec59ca8bc132e79100c23c094c7475562885f14ad104c20d9fef03ea"
        },
        "2117840": {
            "dlcappid": "2117483",
            "config": {
                "language": "brazilian"
            },
            "manifests": {
                "public": {
                    "gid": "1204760937435430288",
                    "size": "270310816",
                    "download": "40876816"
                }
            },
            "decryptionkey": "4bcd44ece1414872f57acfdac066320630d89cd2ccc2a7b88d26d047bf57c8d8"
        },
        "2117845": {
            "dlcappid": "2117483",
            "config": {
                "language": "russian"
            },
            "manifests": {
                "public": {
                    "gid": "2522257259249297100",
                    "size": "530959168",
                    "download": "82145776"
                }
            },
            "decryptionkey": "db63c22901db67dc5d7ea89d775745ec3a95d4db4626591f0d187f02de724747"
        },
        "2117855": {
            "dlcappid": "2117483",
            "config": {
                "language": "latam"
            },
            "manifests": {
                "public": {
                    "gid": "1656015671458627363",
                    "size": "283733408",
                    "download": "42505696"
                }
            },
            "decryptionkey": "177bfd32cee1a45372954c6d6535c292094680e9cfa88f9579e762f0a0451717"
        },
        "2117850": {
            "dlcappid": "2117483",
            "config": {
                "language": "spanish"
            },
            "manifests": {
                "public": {
                    "gid": "2686218263607461538",
                    "size": "289201568",
                    "download": "45108240"
                }
            },
            "decryptionkey": "2fa8bcb5562b970f78da2c673d19b99015d4421bd869d357e67daf760c4ddd8a"
        },
        "2117480": {
            "dlcappid": "2117480",
            "manifests": {
                "public": {
                    "gid": "8956002737476455784",
                    "size": "30801787392",
                    "download": "29849651744"
                }
            },
            "decryptionkey": "b30d7e9f980080a493cc6d9f996d7bbe6cc08a39f308269511e3f105169785a5"
        },
        "2117481": {
            "dlcappid": "2117481",
            "manifests": {
                "public": {
                    "gid": "266004134707841807",
                    "size": "41080391547",
                    "download": "36747211312"
                }
            },
            "decryptionkey": "96f907cc415e83c8f58e433eebbcd784c715cd1e98dfac28300f7adbbfc66e88"
        },
        "2117482": {
            "dlcappid": "2117482",
            "manifests": {
                "public": {
                    "gid": "2590547408989327287",
                    "size": "41433643185",
                    "download": "36370310400"
                }
            },
            "decryptionkey": "5a0589de96b4da9a4fc880f0219a3218a65221c266c147f79ab9a8b6a7e11a8d"
        },
        "2117483": {
            "dlcappid": "2117483",
            "manifests": {
                "public": {
                    "gid": "6748811224341884716",
                    "size": "35090051472",
                    "download": "31971638912"
                }
            },
            "decryptionkey": "9489358c333e79514f45ff156bb9ec62f785635d7e229cd19b498a762c230ebb"
        },
        "2282571": {
            "dlcappid": "2282571"
        },
        "2282570": {
            "dlcappid": "2282570"
        },
        "2117861": {
            "manifests": {
                "public": {
                    "gid": "8741687829932014427",
                    "size": "83143618",
                    "download": "77753584"
                }
            },
            "decryptionkey": "184f7159bded625641def2afebefdaf67ddabb66ef4171e2da259c603ff931c6"
        },
        "2117862": {
            "manifests": {
                "public": {
                    "gid": "6866869535381833111",
                    "size": "125168558",
                    "download": "115445088"
                }
            },
            "decryptionkey": "79b285054c897e6204fa34bbb97a2e55b76e2c8e30b94bcb5d3646b1389fe170"
        },
        "2117863": {
            "manifests": {
                "public": {
                    "gid": "7199355712798984902",
                    "size": "114748364",
                    "download": "103410032"
                }
            },
            "decryptionkey": "34b7468e556b723f4dc0d8416bfe6dcaf8f6974fbc59bd2519f804250db7da88"
        },
        "2117864": {
            "dlcappid": "2117480",
            "manifests": {
                "public": {
                    "gid": "2173754400129234140",
                    "size": "18636064",
                    "download": "16340432"
                }
            },
            "decryptionkey": "7d686aa7ed00c73fa06e74706deb6999ec3db30620abefc5ef1da667eefef3c5"
        },
        "2117865": {
            "dlcappid": "2117480",
            "manifests": {
                "public": {
                    "gid": "4538756931166093138",
                    "size": "18636060",
                    "download": "16340624"
                }
            },
            "decryptionkey": "f7f1798ddfbd3c8c6de4e67d32c45c90be8cd8f32c2b1a8d1374fda71494be9a"
        },
        "2117867": {
            "dlcappid": "2117480",
            "manifests": {
                "public": {
                    "gid": "7795786779968442374",
                    "size": "18717986",
                    "download": "16422528"
                }
            },
            "decryptionkey": "2fe5226cd0e4a875925baec6b78ad98c46df9d839b8c8e550d3d5ef71ca4686b"
        },
        "2117868": {
            "dlcappid": "2117481",
            "manifests": {
                "public": {
                    "gid": "1243399334702429194",
                    "size": "91612112",
                    "download": "83629072"
                }
            },
            "decryptionkey": "0de54f669c5e62652d73a59f71fd6a832dd03a5af8f8826988551535005188f0"
        },
        "2117869": {
            "dlcappid": "2117481",
            "manifests": {
                "public": {
                    "gid": "2340084693764676066",
                    "size": "98329548",
                    "download": "89988608"
                }
            },
            "decryptionkey": "4e813ea37f0364a15502a291439e007f1256e30a1a404f68578a548d6b6f575a"
        },
        "2117870": {
            "dlcappid": "2117481",
            "manifests": {
                "public": {
                    "gid": "5695553151645508195",
                    "size": "91792338",
                    "download": "83795968"
                }
            },
            "decryptionkey": "e11f890baeeed6f6cfeb93ce80ef6878814500cc26eedd789302471662e9531b"
        },
        "2117871": {
            "dlcappid": "2117482",
            "manifests": {
                "public": {
                    "gid": "3481275803919713852",
                    "size": "11590152",
                    "download": "10008528"
                }
            },
            "decryptionkey": "c301e052d5aecaeb2ea252b556e881c8a8328edcde04b6d9b874fd57d144720a"
        },
        "2117872": {
            "dlcappid": "2117482",
            "manifests": {
                "public": {
                    "gid": "8051769705790143484",
                    "size": "18176516",
                    "download": "16240432"
                }
            },
            "decryptionkey": "f10d073c69d0126b5fa698b6a32b0bc0d39f76a83684a72a3d320f9370c334a0"
        },
        "2117873": {
            "dlcappid": "2117482",
            "manifests": {
                "public": {
                    "gid": "7645983416345498952",
                    "size": "11753994",
                    "download": "10043008"
                }
            },
            "decryptionkey": "625b4001fe7813e35a844bec562fd99b32a279e6de4f686c6222b49a7f02209d"
        },
        "2117874": {
            "dlcappid": "2117483",
            "manifests": {
                "public": {
                    "gid": "7597532883494377061",
                    "size": "2920664",
                    "download": "2232640"
                }
            },
            "decryptionkey": "2d9305f024b00304b12a48b64ec304c40b09119b5a47160a47fb23bca974c4a8"
        },
        "2117875": {
            "dlcappid": "2117483",
            "manifests": {
                "public": {
                    "gid": "3344631731387151194",
                    "size": "9375960",
                    "download": "8352880"
                }
            },
            "decryptionkey": "3dc3a17c0586376ec3644e5693a69378e848ee4023437316e74c9566c6e2b5b0"
        },
        "2117876": {
            "dlcappid": "2117483",
            "manifests": {
                "public": {
                    "gid": "22686318365723104",
                    "size": "3133656",
                    "download": "2314400"
                }
            },
            "decryptionkey": "e80b3f0701c6dad2216db326f6d99eeaefbe76d1871abcbca37075f67191ed5c"
        },
        "branches": {
            "public": {
                "buildid": "14356076",
                "timeupdated": "1715877751"
            }
        },
        "privatebranches": "1"
    }
}