{
    "appid": 3489700,
    "name": "Stellar Blade™",
    "type": "Game",
    "schinese_name": "剑星",
    "isfreeapp": 0,
    "update_time": "2025-07-22 22:18:05",
    "change_number": 30194233,
    "depot": {
        "228989": {
            "config": {
                "oslist": "windows"
            },
            "depotfromapp": "228980",
            "sharedinstall": "1"
        },
        "228990": {
            "config": {
                "oslist": "windows"
            },
            "depotfromapp": "228980",
            "sharedinstall": "1"
        },
        "hasdepotsindlc": "1",
        "3489701": {
            "manifests": {
                "public": {
                    "gid": "4947667343661089824",
                    "size": "62286173942",
                    "download": "58662567152"
                }
            },
            "decryptionkey": "2266ca31f6f2666ebe75906201e72f9398694030ff1c8214aacebcf74dc94ee3"
        },
        "3596180": {
            "dlcappid": "3596180",
            "manifests": {
                "public": {
                    "gid": "6319771942931301862",
                    "size": "267941934",
                    "download": "266481808"
                }
            },
            "decryptionkey": "a55f79607c32a7e24a388464ddc3cfbc91b2dcee6691061bca3fb32d231ccb32"
        },
        "3596190": {
            "dlcappid": "3596190",
            "manifests": {
                "public": {
                    "gid": "3119456928663392571",
                    "size": "25546741",
                    "download": "25543072"
                }
            },
            "decryptionkey": "1e65f8baa259f487dcdc1d3dce1e198dd23c9f7b77236e4e56fcc9f6b915a449"
        },
        "branches": {
            "public": {
                "buildid": "19001071",
                "timeupdated": "1751439588"
            }
        },
        "privatebranches": "1"
    }
}