{
    "appid": 48190,
    "name": "Assassin's Creed Brotherhood",
    "type": "Game",
    "schinese_name": "刺客信条：兄弟会",
    "isfreeapp": 0,
    "update_time": "2025-07-07 16:44:06",
    "change_number": 29933227,
    "depot": {
        "228981": {
            "config": {
                "oslist": "windows"
            },
            "depotfromapp": "228980",
            "sharedinstall": "1"
        },
        "228982": {
            "config": {
                "oslist": "windows"
            },
            "depotfromapp": "228980",
            "sharedinstall": "1"
        },
        "228990": {
            "config": {
                "oslist": "windows"
            },
            "depotfromapp": "228980",
            "sharedinstall": "1"
        },
        "overridescddb": "1",
        "baselanguages": "english,german,french,italian,koreana,spanish,schinese,tchinese,portuguese,polish,danish,dutch,norwegian,swedish",
        "48193": {
            "config": {
                "oslist": "macos"
            },
            "systemdefined": "1",
            "manifests": {
                "public": {
                    "gid": "3500960106426649477",
                    "size": "10807436556",
                    "download": "0"
                }
            },
            "decryptionkey": "92734ca4ad50878769fab352e45b48131110f53494ecc4708db34b7e0ce942c1"
        },
        "48192": {
            "optional": "1",
            "systemdefined": "1",
            "manifests": {
                "public": {
                    "gid": "8303807335979433554",
                    "size": "0",
                    "download": "0"
                }
            },
            "decryptionkey": "8cabeaf38cd688184bab6bdbbd34d0dbce4c751eaaf7c7f0878847359bc6543a"
        },
        "48191": {
            "config": {
                "oslist": "windows"
            },
            "systemdefined": "1",
            "manifests": {
                "public": {
                    "gid": "6641652349099836879",
                    "size": "9766533975",
                    "download": "8140332416"
                }
            },
            "decryptionkey": "07b66cd56c14adc4368fc36622308a39eb66af717af87f63a706fb5095cc1058"
        },
        "48194": {
            "config": {
                "oslist": "windows"
            },
            "manifests": {
                "public": {
                    "gid": "3001580851652474584",
                    "size": "9766533975",
                    "download": "7992141920"
                }
            },
            "decryptionkey": "46f9e1c0a5284ed561b7f88c1105921c5be7d5e281a1b4d6436c7ab5420ec029"
        },
        "48199": {
            "config": {
                "language": "koreana",
                "oslist": "windows"
            },
            "manifests": {
                "public": {
                    "gid": "1129412330587023805",
                    "size": "14",
                    "download": "64"
                }
            },
            "decryptionkey": "5484ca1e7b74d883623916099c96dc87402fcd62247952d2fcef3e18633eadc3"
        },
        "48200": {
            "config": {
                "language": "schinese",
                "oslist": "windows"
            },
            "manifests": {
                "public": {
                    "gid": "883912898399357051",
                    "size": "14",
                    "download": "64"
                }
            },
            "decryptionkey": "74773d98cb00b55c6bf498196ef57756d25f070ab28a25eb5dd8c998930dded6"
        },
        "48201": {
            "config": {
                "language": "tchinese",
                "oslist": "windows"
            },
            "manifests": {
                "public": {
                    "gid": "4071795358417878418",
                    "size": "14",
                    "download": "64"
                }
            },
            "decryptionkey": "68693fb573b07160d0ea85fb3683c682d46e810a16a0013e22777dea8e4e843d"
        },
        "48202": {
            "config": {
                "language": "polish",
                "oslist": "windows"
            },
            "manifests": {
                "public": {
                    "gid": "639386459569464708",
                    "size": "14",
                    "download": "64"
                }
            },
            "decryptionkey": "1cf3d330157141da11d9dc1ffaafaa9b72ad42a1f9418c9d994a916d1a8e5c15"
        },
        "1716751": {
            "manifests": {
                "public": {
                    "gid": "818295193716041715",
                    "size": "632424",
                    "download": "551504"
                }
            },
            "depotfromapp": "1716750",
            "decryptionkey": "84780b728a23b1dabbe8b064807ccd3dbd40c67139ed569101104a418c581675"
        },
        "branches": {
            "public": {
                "buildid": "12901844",
                "timeupdated": "1711447942"
            }
        },
        "privatebranches": "1"
    }
}