{
    "appid": 978300,
    "name": "Saints Row The Third Remastered",
    "type": "Game",
    "schinese_name": "黑道圣徒3 ：复刻版",
    "isfreeapp": 0,
    "update_time": "2025-05-25 16:44:10",
    "change_number": 29174868,
    "depot": {
        "228988": {
            "config": {
                "oslist": "windows"
            },
            "depotfromapp": "228980",
            "sharedinstall": "1"
        },
        "228990": {
            "config": {
                "oslist": "windows"
            },
            "depotfromapp": "228980",
            "sharedinstall": "1"
        },
        "978301": {
            "config": {
                "oslist": "windows",
                "osarch": "64"
            },
            "manifests": {
                "public": {
                    "gid": "2323925017821319416",
                    "size": "49761654936",
                    "download": "28334530672"
                }
            },
            "decryptionkey": "65f739287b59d3fd8ff9ec51fcac70962d4c92e140c89af3f6e397df4ab92e45"
        },
        "baselanguages": "english,german,french,italian,koreana,spanish,russian,japanese,polish,dutch,czech",
        "branches": {
            "public": {
                "buildid": "7026541",
                "timeupdated": "1637769522"
            }
        },
        "privatebranches": "1"
    }
}