{
    "appid": 945360,
    "name": "Among Us",
    "type": "Game",
    "schinese_name": "我们之间",
    "isfreeapp": 0,
    "update_time": "2025-07-23 22:33:53",
    "change_number": 30215136,
    "depot": {
        "228988": {
            "config": {
                "oslist": "windows"
            },
            "depotfromapp": "228980",
            "sharedinstall": "1"
        },
        "945361": {
            "config": {
                "oslist": "windows",
                "language": ""
            },
            "manifests": {
                "public": {
                    "gid": "1298083356997541927",
                    "size": "926594744",
                    "download": "522025920"
                },
                "public-beta": {
                    "gid": "8040785713895232554",
                    "size": "874537664",
                    "download": "479471568"
                },
                "public-previous": {
                    "gid": "1110308242604365209",
                    "size": "895532726",
                    "download": "495845744"
                }
            },
            "decryptionkey": "cc84ab09a34dfa19f0cf86c30c05345294e788988c95455a7c42d024dc4f33a8"
        },
        "945362": {
            "config": {
                "oslist": "macos",
                "language": ""
            }
        },
        "branches": {
            "public": {
                "buildid": "18448009",
                "timeupdated": "1749574763"
            },
            "public-beta": {
                "buildid": "17943652",
                "timeupdated": "1743704210"
            },
            "public-previous": {
                "buildid": "18151950",
                "description": "Previous live production version",
                "timeupdated": "1749574590"
            }
        },
        "privatebranches": "1"
    }
}