{
    "appid": 2955590,
    "name": "Creepy Shift: Roadside Diner",
    "type": "Game",
    "schinese_name": "",
    "isfreeapp": 0,
    "update_time": "2025-07-07 04:12:09",
    "change_number": 29924059,
    "depot": {
        "2955591": {
            "manifests": {
                "public": {
                    "gid": "691984781001218652",
                    "size": "3824897768",
                    "download": "1531559424"
                }
            },
            "decryptionkey": "408d08c9788da9c2abeff9f3668ecc9a6e50bcccac6f2c1dd5f12fe2e0cd5c6d"
        },
        "branches": {
            "public": {
                "buildid": "18457296",
                "timeupdated": "1748352727"
            }
        },
        "privatebranches": "1"
    }
}