{
    "appid": 42700,
    "name": "Call of Duty: Black Ops",
    "type": "Game",
    "schinese_name": "使命召唤：黑色行动",
    "isfreeapp": 0,
    "update_time": "2025-07-19 01:18:27",
    "change_number": 30141305,
    "depot": {
        "214653": {
            "config": {
                "oslist": "macos"
            },
            "optional": "1",
            "systemdefined": "1",
            "manifests": {
                "public": {
                    "gid": "8132945300873862767",
                    "size": "56924128",
                    "download": "0"
                }
            }
        },
        "214649": {
            "config": {
                "oslist": "macos"
            },
            "optional": "1",
            "systemdefined": "1",
            "manifests": {
                "public": {
                    "gid": "4205037187636915696",
                    "size": "903256268",
                    "download": "0"
                }
            },
            "decryptionkey": "7aa1998611367715c053d2f57dcd29ad635b6f7a1abfb012bf95e3ec914974ce"
        },
        "214648": {
            "config": {
                "oslist": "macos"
            },
            "optional": "1",
            "systemdefined": "1",
            "manifests": {
                "public": {
                    "gid": "8215032655708545859",
                    "size": "53530144",
                    "download": "0"
                }
            },
            "decryptionkey": "2896d470d4d48f43652d59ee4786b54260f01d2b87bebd371adbf80ad4133f78"
        },
        "214646": {
            "config": {
                "oslist": "macos"
            },
            "optional": "1",
            "systemdefined": "1",
            "manifests": {
                "public": {
                    "gid": "962139694640373478",
                    "size": "53103328",
                    "download": "0"
                }
            },
            "decryptionkey": "ee8525fdbe70362e66f42974cce4b72d5a3adb9fb15fc3f2384d6f086685ab1a"
        },
        "42719": {
            "config": {
                "oslist": "windows"
            },
            "optional": "1",
            "systemdefined": "1",
            "manifests": {
                "public": {
                    "gid": "7063395875107468534",
                    "size": "903256268",
                    "download": "0"
                }
            },
            "dlcappid": "42719",
            "decryptionkey": "9353a6d2a3ee0242e27e0263a2cc813b54199b996cae4649a8fd3e68820f68bd"
        },
        "42723": {
            "config": {
                "oslist": "windows"
            },
            "optional": "1",
            "systemdefined": "1",
            "manifests": {
                "public": {
                    "gid": "3361073951409360487",
                    "size": "56924128",
                    "download": "0"
                }
            },
            "dlcappid": "42723",
            "decryptionkey": "9cc78f24c57edd7e0339365d42fe9b39b9893bd24a9fd7ab156315016ac59a90"
        },
        "42718": {
            "config": {
                "oslist": "windows"
            },
            "optional": "1",
            "systemdefined": "1",
            "manifests": {
                "public": {
                    "gid": "1065439930824857999",
                    "size": "53530144",
                    "download": "0"
                }
            },
            "dlcappid": "42718",
            "decryptionkey": "69820ad69e295d2c9d47c4839e89665e898419aa7b5ee63e616e7f5917813c5a"
        },
        "42716": {
            "config": {
                "oslist": "windows"
            },
            "optional": "1",
            "systemdefined": "1",
            "manifests": {
                "public": {
                    "gid": "5219529921410063376",
                    "size": "53103328",
                    "download": "0"
                }
            },
            "dlcappid": "42716",
            "decryptionkey": "13ab1ab397e033f161418b426a1085bd18b67f111b9bbb903dd101d8b6579774"
        },
        "214632": {
            "config": {
                "oslist": "macos"
            },
            "manifests": {
                "public": {
                    "gid": "2605732980233577166",
                    "size": "9010854306",
                    "download": "0"
                }
            },
            "decryptionkey": "481c1e943f158a88f14c744f2881f80e324eadabcf226af94a694ab798245b8a"
        },
        "214631": {
            "config": {
                "oslist": "macos"
            },
            "manifests": {
                "public": {
                    "gid": "7802016395965216401",
                    "size": "30437910",
                    "download": "0"
                }
            },
            "decryptionkey": "904a406f1e717b877cb557516d994c9ec6e8af49fd1e1ba8a92925dd1da16565"
        },
        "42702": {
            "config": {
                "oslist": "windows"
            },
            "systemdefined": "1",
            "manifests": {
                "public": {
                    "gid": "6257032900290287777",
                    "size": "6565433500",
                    "download": "0"
                }
            },
            "decryptionkey": "0a06c6a7e3239813ec8eaa68b3f825792e50e8f9766d7218440f95cafc414df2"
        },
        "42701": {
            "config": {
                "oslist": "windows"
            },
            "optional": "1",
            "systemdefined": "1",
            "manifests": {
                "public": {
                    "gid": "5564723134361260769",
                    "size": "8096256",
                    "download": "0"
                }
            },
            "decryptionkey": "ddd8000d5816ec84893d070556a6649261339998966a01ee2223be068c9f149f"
        },
        "42714": {
            "config": {
                "oslist": "windows"
            },
            "optional": "1",
            "systemdefined": "1",
            "manifests": {
                "public": {
                    "gid": "6472729729241488074",
                    "size": "8095232",
                    "download": "0"
                }
            },
            "decryptionkey": "5fd131f536d8843c93152e3b86d2488f644cc50b67c0a4f7d3ae27584f0d094c"
        },
        "42703": {
            "config": {
                "language": "english",
                "oslist": "windows"
            },
            "manifests": {
                "public": {
                    "gid": "8741537774138455205",
                    "size": "3044098831",
                    "download": "0"
                }
            },
            "decryptionkey": "48e008cbcb32413a3e7645bb624908b69f3c45a1e1bd2d288d710120e7db2872"
        },
        "42705": {
            "config": {
                "language": "french",
                "oslist": "windows"
            },
            "manifests": {
                "public": {
                    "gid": "3138932303365817849",
                    "size": "2816394712",
                    "download": "0"
                }
            },
            "decryptionkey": "12ace44104d1b7194c091d35ced64b2eaa19e0fbc3c21c4c6b0196624408ee3a"
        },
        "42706": {
            "config": {
                "language": "german",
                "oslist": "windows"
            },
            "manifests": {
                "public": {
                    "gid": "357347562299132770",
                    "size": "2985857801",
                    "download": "0"
                }
            },
            "decryptionkey": "01c5172e023bfeda1a5441d6bd640e5b8b8c70b1882ac68d214e1a6ada4a85b8"
        },
        "42707": {
            "config": {
                "language": "italian",
                "oslist": "windows"
            },
            "manifests": {
                "public": {
                    "gid": "960178958982048194",
                    "size": "2907304374",
                    "download": "0"
                }
            },
            "decryptionkey": "4239d3b38cd64b5d20dba2b00d0b170a008574a779a2233da2bf9a8405e165d1"
        },
        "42708": {
            "config": {
                "language": "spanish",
                "oslist": "windows"
            },
            "manifests": {
                "public": {
                    "gid": "2954444769787319132",
                    "size": "2878749821",
                    "download": "0"
                }
            },
            "decryptionkey": "6977051f55833a3bb91c8ca4df029767d7069a9aa15ee46ad2c2233c159b5c86"
        },
        "42709": {
            "config": {
                "language": "russian",
                "oslist": "windows"
            },
            "manifests": {
                "public": {
                    "gid": "4569232414924537110",
                    "size": "2913606053",
                    "download": "0"
                }
            },
            "decryptionkey": "765bedbba80d60fb32bd6ece8b768bbcfd0e3c06046aad7f551613c1f485f5cd"
        },
        "42711": {
            "config": {
                "language": "polish",
                "oslist": "windows"
            },
            "manifests": {
                "public": {
                    "gid": "4595024737384945225",
                    "size": "3045552632",
                    "download": "0"
                }
            },
            "decryptionkey": "f47b3121d84acb57cf36e8a31252de7aaa36d46cabb5025606c25701af1fc9ff"
        },
        "42712": {
            "config": {
                "language": "japanese",
                "oslist": "windows"
            },
            "manifests": {
                "public": {
                    "gid": "5149997040663396999",
                    "size": "3022103202",
                    "download": "0"
                }
            },
            "decryptionkey": "5368e07809c82a9de5bdd7d4367711a499bf3c5aaa8cda2a74eed0ec6692f953"
        },
        "42713": {
            "config": {
                "language": "german",
                "oslist": "windows"
            },
            "manifests": {
                "public": {
                    "gid": "6857315315257409107",
                    "size": "2933837855",
                    "download": "0"
                }
            },
            "decryptionkey": "a1c22f61cab5fbe228ca1e586d0995d1c3ce0443ae89a1b69868fb63b237b459"
        },
        "214633": {
            "config": {
                "language": "english",
                "oslist": "macos"
            },
            "manifests": {
                "public": {
                    "gid": "982368564698117322",
                    "size": "3132622207",
                    "download": "0"
                }
            },
            "decryptionkey": "1827c09ead4857e3d99ed07af58f7c32f468381b3594c2be3f0de7c441e239ad"
        },
        "214635": {
            "config": {
                "language": "french",
                "oslist": "macos"
            },
            "manifests": {
                "public": {
                    "gid": "7174585141737681556",
                    "size": "2904918191",
                    "download": "0"
                }
            },
            "decryptionkey": "2ec4aac7f7b604c205cf17bfbff40afc739beb79ba4493e1db6c98151ff4b98e"
        },
        "214636": {
            "config": {
                "language": "german",
                "oslist": "macos"
            },
            "manifests": {
                "public": {
                    "gid": "6061879198934230124",
                    "size": "3074381282",
                    "download": "0"
                }
            },
            "decryptionkey": "ef90f2445f2f952ba7f1dbf12ada65d4c5b7a4f23a2ea0abe0f029ba17a9d797"
        },
        "214637": {
            "config": {
                "language": "italian",
                "oslist": "macos"
            },
            "manifests": {
                "public": {
                    "gid": "7429125894442942724",
                    "size": "2995827750",
                    "download": "0"
                }
            },
            "decryptionkey": "6383ae668b25aa3614f8ba35f8ccf6e643a4a6dda535c4683999d6f2450b89ee"
        },
        "214638": {
            "config": {
                "language": "spanish",
                "oslist": "macos"
            },
            "manifests": {
                "public": {
                    "gid": "6985602171318889261",
                    "size": "2967273197",
                    "download": "0"
                }
            },
            "decryptionkey": "f87d21994f2c02b7117e4087e5a2bb480a2bd4454214d173df7d122a85469d0f"
        },
        "overridescddb": "1",
        "baselanguages": "",
        "branches": {
            "public": {
                "buildid": "87954"
            }
        }
    }
}