{
    "appid": 851850,
    "name": "DRAGON BALL Z: KAKAROT",
    "type": "Game",
    "schinese_name": "七龙珠Z 卡卡洛特",
    "isfreeapp": 0,
    "update_time": "2025-07-23 03:32:58",
    "change_number": 30198041,
    "depot": {
        "baselanguages": "english,german,french,italian,koreana,spanish,schinese,tchinese,russian,thai,japanese,polish,arabic,brazilian,latam",
        "hasdepotsindlc": "0",
        "228986": {
            "config": {
                "oslist": "windows"
            },
            "depotfromapp": "228980",
            "sharedinstall": "1"
        },
        "228988": {
            "config": {
                "oslist": "windows"
            },
            "depotfromapp": "228980",
            "sharedinstall": "1"
        },
        "228990": {
            "config": {
                "oslist": "windows"
            },
            "depotfromapp": "228980",
            "sharedinstall": "1"
        },
        "851851": {
            "config": {
                "osarch": "64"
            },
            "manifests": {
                "public": {
                    "gid": "8650131275859308117",
                    "size": "60355447013",
                    "download": "55976669344"
                }
            },
            "decryptionkey": "fb1907fb7175034840a9685765e865e3f9c8b0aef43ba1cd125faca7a7e6e5ce"
        },
        "851852": {
            "manifests": {}
        },
        "1144580": {
            "config": {
                "osarch": "64"
            },
            "dlcappid": "1144580",
            "manifests": {
                "public": {
                    "gid": "7662814997341021101",
                    "size": "0",
                    "download": "0"
                }
            },
            "decryptionkey": "8fd5f4e52dfd3c1e7611db5e191e53d4931995ffc90b3bd645d232b2619400f7"
        },
        "1144581": {
            "config": {
                "osarch": "64"
            },
            "dlcappid": "1144581",
            "manifests": {
                "public": {
                    "gid": "4156032952976446391",
                    "size": "0",
                    "download": "0"
                }
            },
            "decryptionkey": "bed8af793f7e46105b919a4e4486fdaa9cf381721c0442b4e28b768b244a5528"
        },
        "1144582": {
            "config": {
                "osarch": "64"
            },
            "dlcappid": "1144582",
            "manifests": {
                "public": {
                    "gid": "6673786462568902532",
                    "size": "0",
                    "download": "0"
                }
            },
            "decryptionkey": "8371557f2f73862ab982c064abd9524accf2c75e90c9c49ce5885d2cf7324510"
        },
        "1144640": {
            "config": {
                "osarch": "64"
            },
            "dlcappid": "1144640",
            "manifests": {
                "public": {
                    "gid": "6429039122059425860",
                    "size": "0",
                    "download": "0"
                }
            },
            "decryptionkey": "3bf489b8a002f962b62159c0b5e5978d50eeae4540ca214e7cd82edaca9caec7"
        },
        "1144641": {
            "config": {
                "osarch": "64"
            },
            "dlcappid": "1144641",
            "manifests": {
                "public": {
                    "gid": "5971207506470001653",
                    "size": "0",
                    "download": "0"
                }
            },
            "decryptionkey": "622bd49a3e7e99cefa4f12c42054de891ccb428c2ed4c29b1a9fb1ae722c8ac9"
        },
        "1144642": {
            "config": {
                "osarch": "64"
            },
            "dlcappid": "1144642",
            "manifests": {
                "public": {
                    "gid": "3789634624021512668",
                    "size": "0",
                    "download": "0"
                }
            },
            "decryptionkey": "757ef5805d47293f32980b95f06a283eebcd990e0a0557b1c72ee2453aa7becb"
        },
        "1144643": {
            "config": {
                "osarch": "64"
            },
            "dlcappid": "1144643",
            "manifests": {
                "public": {
                    "gid": "3709403034985886631",
                    "size": "0",
                    "download": "0"
                }
            },
            "decryptionkey": "78c1157b70afe14c030801fb19d22d4503fc1365c242e2d1da1cc46366446207"
        },
        "1144644": {
            "config": {
                "osarch": "64"
            },
            "dlcappid": "1144644",
            "manifests": {
                "public": {
                    "gid": "2396891715490144397",
                    "size": "0",
                    "download": "0"
                }
            },
            "decryptionkey": "a0748f203e51f369d8ebdea7e41d66d85ae8249cd8b938e5fa3efe574f7a4b8e"
        },
        "1144645": {
            "config": {
                "osarch": "64"
            },
            "dlcappid": "1144645",
            "manifests": {
                "public": {
                    "gid": "5139552416962060373",
                    "size": "0",
                    "download": "0"
                }
            },
            "decryptionkey": "3b4424c34bd63ba6268480a9fb8b36990004627e01bd946ec444252b5113085c"
        },
        "1144646": {
            "config": {
                "osarch": "64"
            },
            "dlcappid": "1144646",
            "manifests": {
                "public": {
                    "gid": "804119869898301319",
                    "size": "0",
                    "download": "0"
                }
            },
            "decryptionkey": "579e3398336e5a072706ce2939246c4040c9c79936d78cebf1269495f7de6714"
        },
        "1144647": {
            "config": {
                "osarch": "64"
            },
            "dlcappid": "1144647",
            "manifests": {
                "public": {
                    "gid": "6769793275349766388",
                    "size": "0",
                    "download": "0"
                }
            },
            "decryptionkey": ""
        },
        "851853": {
            "config": {
                "language": "japanese"
            }
        },
        "3279960": {
            "dlcappid": "3279960",
            "manifests": {
                "public": {
                    "gid": "4080764658269517102",
                    "size": "54841687648",
                    "download": "52950352656"
                }
            },
            "decryptionkey": "74329a5cce22d696662692fe90505dd73774883a4d2e1130a6843637b80a5a8c"
        },
        "3841290": {
            "dlcappid": "3841290",
            "manifests": {}
        },
        "branches": {
            "public": {
                "buildid": "18758777",
                "timeupdated": "1752663604"
            }
        },
        "privatebranches": "1"
    }
}