{
    "appid": 1151640,
    "name": "Horizon Zero Dawn™ Complete Edition",
    "type": "Game",
    "schinese_name": "地平线：零之曙光 完全版",
    "isfreeapp": 0,
    "update_time": "2025-06-26 00:07:44",
    "change_number": 29751378,
    "depot": {
        "baselanguages": "english,german,french,italian,koreana,spanish,schinese,tchinese,russian,japanese,portuguese,polish,danish,dutch,finnish,norwegian,swedish,arabic,brazilian,latam",
        "hasdepotsindlc": "1",
        "228988": {
            "config": {
                "oslist": "windows"
            },
            "depotfromapp": "228980",
            "sharedinstall": "1"
        },
        "1151641": {
            "config": {
                "oslist": "windows",
                "osarch": "64"
            },
            "manifests": {
                "public": {
                    "gid": "3712644444013817231",
                    "size": "61956213062",
                    "download": "58041532464"
                }
            },
            "decryptionkey": "df518a946513a91a56704336384864918ec740df8537ca1812a8f54264355361"
        },
        "1151642": {
            "config": {
                "oslist": "windows",
                "osarch": "64"
            },
            "manifests": {
                "public": {
                    "gid": "6403385661621685335",
                    "size": "15582635700",
                    "download": "15632603936"
                }
            },
            "decryptionkey": "59255c4691e86b0813ddced2314be6ac433c80eacb80b7d716c1cc76ca2032f2"
        },
        "1151643": {
            "config": {
                "oslist": "windows",
                "osarch": "64"
            }
        },
        "1151644": {
            "config": {
                "oslist": "windows",
                "osarch": "64"
            },
            "manifests": {
                "public": {
                    "gid": "7685822332590815529",
                    "size": "17144068395",
                    "download": "17202828752"
                }
            },
            "decryptionkey": "8a4848c62e8fcd4b79f78195190e4595e6c74b9a81ebe42b60e82bdd9b4b5c17"
        },
        "branches": {
            "public": {
                "buildid": "8040161",
                "timeupdated": "1643191344"
            }
        },
        "privatebranches": "1"
    }
}