{
    "appid": 993090,
    "name": "Lossless Scaling",
    "type": "Application",
    "schinese_name": "",
    "isfreeapp": 0,
    "update_time": "2025-07-22 02:18:30",
    "change_number": 30177298,
    "depot": {
        "228989": {
            "config": {
                "oslist": "windows"
            },
            "depotfromapp": "228980",
            "sharedinstall": "1"
        },
        "229007": {
            "config": {
                "oslist": "windows"
            },
            "depotfromapp": "228980",
            "sharedinstall": "1"
        },
        "993091": {
            "manifests": {
                "public": {
                    "gid": "4951421682175406512",
                    "size": "180918760",
                    "download": "56369280"
                },
                "beta": {
                    "gid": "4951421682175406512",
                    "size": "180918760",
                    "download": "56369280"
                },
                "legacy_3.1": {
                    "gid": "9191341654061558981",
                    "size": "181296520",
                    "download": "56445712"
                },
                "legacy_3.0": {
                    "gid": "3028840966602169698",
                    "size": "179901839",
                    "download": "56168560"
                },
                "legacy_2.13": {
                    "gid": "5746454646351584498",
                    "size": "6774058",
                    "download": "1972304"
                },
                "legacy_2.12": {
                    "gid": "1464889532802595216",
                    "size": "6048377",
                    "download": "1837744"
                },
                "legacy_2.11": {
                    "gid": "5168007125103771877",
                    "size": "5908958",
                    "download": "1933600"
                },
                "legacy_2.10": {
                    "gid": "1132902064644345297",
                    "size": "4906477",
                    "download": "1739616"
                },
                "legacy_2.9": {
                    "gid": "1526092604651225665",
                    "size": "4436845",
                    "download": "1639712"
                },
                "legacy_2.8": {
                    "gid": "2555231539353877445",
                    "size": "3477112",
                    "download": "1457024"
                },
                "legacy_1.6": {
                    "gid": "466895273177229992",
                    "size": "485144",
                    "download": "103472"
                }
            },
            "decryptionkey": "3a02317ffe8c475c236c603a9fcd31c7cd8e4a109240f4c3d9fa28081bdc02bd"
        },
        "hasdepotsindlc": "0",
        "branches": {
            "public": {
                "buildid": "19219484",
                "timeupdated": "1752514593"
            },
            "beta": {
                "buildid": "19219484",
                "description": "beta",
                "timeupdated": "1752514532"
            },
            "legacy_3.1": {
                "buildid": "17646233",
                "description": "3.1.0.2",
                "timeupdated": "1749655934"
            },
            "legacy_3.0": {
                "buildid": "16976854",
                "description": "3.0.0.1",
                "timeupdated": "1741435274"
            },
            "legacy_2.13": {
                "buildid": "17002899",
                "description": "2.13.2",
                "timeupdated": "1741435259"
            },
            "legacy_2.12": {
                "buildid": "16522883",
                "description": "2.12",
                "timeupdated": "1736516110"
            },
            "legacy_2.11": {
                "buildid": "15335194",
                "description": "2.11",
                "timeupdated": "1731756956"
            },
            "legacy_2.10": {
                "buildid": "15204667",
                "description": "2.10",
                "timeupdated": "1723400447"
            },
            "legacy_2.9": {
                "buildid": "14629493",
                "description": "2.9",
                "timeupdated": "1721341166"
            },
            "legacy_2.8": {
                "buildid": "14493350",
                "description": "2.8.2",
                "timeupdated": "1717756289"
            },
            "legacy_1.6": {
                "buildid": "7735103",
                "description": "1.6.0",
                "timeupdated": "1740746269"
            }
        },
        "privatebranches": "1"
    },
    "access_token": 6308073361085917231
}