{
    "appid": 33220,
    "name": "Tom Clancy's Splinter Cell: Conviction",
    "type": "Game",
    "schinese_name": "细胞分裂：断罪 豪华版",
    "isfreeapp": 0,
    "update_time": "2025-06-24 14:20:56",
    "change_number": 29718826,
    "depot": {
        "overridescddb": "1",
        "33241": {
            "config": {
                "oslist": "macos"
            },
            "systemdefined": "1",
            "manifests": {
                "public": {
                    "gid": "3568194059246481980",
                    "size": "9849381684",
                    "download": "0"
                },
                "sccbeta": {
                    "gid": "3568194059246481980",
                    "size": "9849381684",
                    "download": "0"
                }
            },
            "decryptionkey": "f95d353666e743f738371cb80397a86762bf46599be65f9b5b21a81c73dc3992"
        },
        "33242": {
            "config": {
                "oslist": "macos"
            },
            "optional": "1",
            "systemdefined": "1",
            "dlcappid": "33242",
            "manifests": {
                "public": {
                    "gid": "8510675350411796181",
                    "size": "993089520",
                    "download": "0"
                },
                "sccbeta": {
                    "gid": "8510675350411796181",
                    "size": "993089520",
                    "download": "0"
                }
            }
        },
        "33372": {
            "config": {
                "oslist": "windows"
            },
            "optional": "1",
            "systemdefined": "1",
            "dlcappid": "33372",
            "manifests": {
                "public": {
                    "gid": "8913045689501634778",
                    "size": "931454401",
                    "download": "0"
                },
                "sccbeta": {
                    "gid": "8913045689501634778",
                    "size": "931454401",
                    "download": "0"
                }
            },
            "decryptionkey": "34d95e3752574515d3cc2eedc794587c12ff4a287387b19de802172bf0a689df"
        },
        "33221": {
            "config": {
                "oslist": "windows"
            },
            "systemdefined": "1",
            "manifests": {
                "public": {
                    "gid": "7395515019455689618",
                    "size": "7683018127",
                    "download": "6511585744"
                },
                "sccbeta": {
                    "gid": "2924367342050711917",
                    "size": "7683018220",
                    "download": "0"
                }
            },
            "decryptionkey": "a3c7319005a9a077024a69ea671ef61b13f366a295cfc8c6424e5d7488379340"
        },
        "33222": {
            "config": {
                "language": "french",
                "oslist": "windows"
            },
            "manifests": {
                "public": {
                    "gid": "6868634456374541695",
                    "size": "340631010",
                    "download": "0"
                },
                "sccbeta": {
                    "gid": "6868634456374541695",
                    "size": "340631010",
                    "download": "0"
                }
            },
            "decryptionkey": "bcc77a8eb0d0f540275c54399f743ace0c069291978ae139a5d10a1d7e670e8b"
        },
        "33223": {
            "config": {
                "language": "german",
                "oslist": "windows"
            },
            "manifests": {
                "public": {
                    "gid": "264766790151825756",
                    "size": "343355586",
                    "download": "0"
                },
                "sccbeta": {
                    "gid": "264766790151825756",
                    "size": "343355586",
                    "download": "0"
                }
            },
            "decryptionkey": "6e8d219383c7a389deea8b92b20f5dd001860b9156fd395d33ba5209fdfa4818"
        },
        "33224": {
            "config": {
                "language": "italian",
                "oslist": "windows"
            },
            "manifests": {
                "public": {
                    "gid": "5101854713313449333",
                    "size": "344221947",
                    "download": "0"
                },
                "sccbeta": {
                    "gid": "5101854713313449333",
                    "size": "344221947",
                    "download": "0"
                }
            },
            "decryptionkey": "8b1401a1963b563c064568bce119493131da52d8135372afc38f59ff48debd5d"
        },
        "33225": {
            "config": {
                "language": "spanish",
                "oslist": "windows"
            },
            "manifests": {
                "public": {
                    "gid": "5359947817920045829",
                    "size": "348337789",
                    "download": "0"
                },
                "sccbeta": {
                    "gid": "5359947817920045829",
                    "size": "348337789",
                    "download": "0"
                }
            },
            "decryptionkey": "dde44eca8199a7e526451241b757d525455bf045fc267aacc4e3c2ff184c10bb"
        },
        "33226": {
            "config": {
                "language": "danish",
                "oslist": "windows"
            },
            "manifests": {
                "public": {
                    "gid": "4078697083349650493",
                    "size": "36856",
                    "download": "0"
                },
                "sccbeta": {
                    "gid": "4078697083349650493",
                    "size": "36856",
                    "download": "0"
                }
            },
            "decryptionkey": "9914a2b41304a0c7d7eb6535cd1244907f895aedfd9729bf678f9825b87c38a6"
        },
        "33227": {
            "config": {
                "language": "dutch",
                "oslist": "windows"
            },
            "manifests": {
                "public": {
                    "gid": "9116692285911163347",
                    "size": "38796",
                    "download": "0"
                },
                "sccbeta": {
                    "gid": "9116692285911163347",
                    "size": "38796",
                    "download": "0"
                }
            },
            "decryptionkey": "fcf9d065381973fbb69b3aee279e9d9482772336dec6eafade366d410e7d10ea"
        },
        "33228": {
            "config": {
                "language": "norwegian",
                "oslist": "windows"
            },
            "manifests": {
                "public": {
                    "gid": "5009286906628119997",
                    "size": "37417",
                    "download": "0"
                },
                "sccbeta": {
                    "gid": "5009286906628119997",
                    "size": "37417",
                    "download": "0"
                }
            },
            "decryptionkey": "c3cf668321b430e6d1f8deb200b632e11f0c4c16a2f2cf75d8e7c3e6f0eed685"
        },
        "33229": {
            "config": {
                "language": "swedish",
                "oslist": "windows"
            },
            "manifests": {
                "public": {
                    "gid": "4023247615730998962",
                    "size": "36827",
                    "download": "0"
                },
                "sccbeta": {
                    "gid": "4023247615730998962",
                    "size": "36827",
                    "download": "0"
                }
            },
            "decryptionkey": "5f976b79349076d2a58af5809d5b05bd4531749e97c9022594504914b3e79abb"
        },
        "33243": {
            "config": {
                "language": "french",
                "oslist": "macos"
            },
            "manifests": {
                "public": {
                    "gid": "4744154712674021087",
                    "size": "17490",
                    "download": "0"
                },
                "sccbeta": {
                    "gid": "4744154712674021087",
                    "size": "17490",
                    "download": "0"
                }
            },
            "decryptionkey": "a5b9f44e232f1fb425e631432cf5d5c7beace2a52f427024cb19b9eb03050349"
        },
        "33244": {
            "config": {
                "language": "german",
                "oslist": "macos"
            },
            "manifests": {
                "public": {
                    "gid": "4734404861987872338",
                    "size": "17490",
                    "download": "0"
                },
                "sccbeta": {
                    "gid": "4734404861987872338",
                    "size": "17490",
                    "download": "0"
                }
            },
            "decryptionkey": "1b2dfbfad362d4d755a2becb44a5ace5a896e96c3bfff9f05553c053243c6c24"
        },
        "33247": {
            "config": {
                "language": "spanish",
                "oslist": "macos"
            },
            "manifests": {
                "public": {
                    "gid": "3060753174968279891",
                    "size": "17490",
                    "download": "0"
                },
                "sccbeta": {
                    "gid": "3060753174968279891",
                    "size": "17490",
                    "download": "0"
                }
            },
            "decryptionkey": "42c9752243e0dfad540aef43b5c762e1a439168bdbd6f4547c8247cd5739aa96"
        },
        "33248": {
            "config": {
                "language": "italian",
                "oslist": "macos"
            },
            "manifests": {
                "public": {
                    "gid": "3971794264658797458",
                    "size": "17490",
                    "download": "0"
                },
                "sccbeta": {
                    "gid": "3971794264658797458",
                    "size": "17490",
                    "download": "0"
                }
            },
            "decryptionkey": "24198b85dfc4467d1425844a19b1cb715ebd16f25299b1356907fc5868cd3772"
        },
        "1716751": {
            "manifests": {
                "public": {
                    "gid": "818295193716041715",
                    "size": "632424",
                    "download": "551504"
                }
            },
            "depotfromapp": "1716750",
            "decryptionkey": "84780b728a23b1dabbe8b064807ccd3dbd40c67139ed569101104a418c581675"
        },
        "branches": {
            "public": {
                "buildid": "11503660",
                "timeupdated": "1687164031"
            },
            "sccbeta": {
                "buildid": "1255",
                "description": "Beta Branch"
            }
        }
    }
}