{
    "appid": "107410",
    "type": "Game",
    "name": "Arma 3",
    "schinese_name": "武装突袭3",
    "isfreeapp": "0",
    "change_number": "29025184",
    "update_time": "2025-05-16 21:34:23",
    "depot": {
        "preloadonly": "1",
        "overridescddb": "1",
        "markdlcdepots": "1",
        "workshopdepot": "107410",
        "hasdepotsindlc": "0",
        "appmanagesdlc": "1",
        "baselanguages": "english",
        "228983": {
            "config": {
                "oslist": "windows"
            },
            "depotfromapp": "228980",
            "sharedinstall": "1"
        },
        "228984": {
            "config": {
                "oslist": "windows"
            },
            "depotfromapp": "228980",
            "sharedinstall": "1"
        },
        "228985": {
            "config": {
                "oslist": "windows"
            },
            "depotfromapp": "228980",
            "sharedinstall": "1"
        },
        "228989": {
            "config": {
                "oslist": "windows"
            },
            "depotfromapp": "228980",
            "sharedinstall": "1"
        },
        "228990": {
            "config": {
                "oslist": "windows"
            },
            "depotfromapp": "228980",
            "sharedinstall": "1"
        },
        "229004": {
            "config": {
                "oslist": "windows"
            },
            "depotfromapp": "228980",
            "sharedinstall": "1"
        },
        "229006": {
            "config": {
                "oslist": "windows"
            },
            "depotfromapp": "228980",
            "sharedinstall": "1"
        },
        "249504": {
            "config": {
                "oslist": "windows"
            },
            "manifests": {
                "public": {
                    "gid": "1015968845214793196",
                    "size": "15506687470",
                    "download": "11838952160"
                },
                "development": {
                    "gid": "1015968845214793196",
                    "size": "15506687470",
                    "download": "11838952160"
                },
                "profiling": {
                    "gid": "1015968845214793196",
                    "size": "15506687470",
                    "download": "11838952160"
                }
            },
            "decryptionkey": ""
        },
        "107411": {
            "systemdefined": "1",
            "config": {
                "oslist": "windows"
            },
            "manifests": {
                "public": {
                    "gid": "2173341527802214878",
                    "size": "43461083694",
                    "download": "34675058048"
                },
                "development": {
                    "gid": "1321868309884513284",
                    "size": "43490870297",
                    "download": "34691858160"
                },
                "profiling": {
                    "gid": "9042154259692484612",
                    "size": "43461083694",
                    "download": "34675058048"
                }
            },
            "decryptionkey": "833b10a4156402ff5a874c5fe740af6294d055f92fc25c69607b3351ffbfe679"
        },
        "249505": {
            "config": {
                "oslist": "macos"
            },
            "manifests": {
                "public": {
                    "gid": "327567541676556428",
                    "size": "43128469125",
                    "download": "34436516240"
                },
                "development": {
                    "gid": "5291315018643894680",
                    "size": "29378675330",
                    "download": "23753014032"
                },
                "profiling": {
                    "gid": "4861574737636001516",
                    "size": "42832682798",
                    "download": "34221577600"
                }
            },
            "decryptionkey": "f77130c5d488aced7c009e872beb263ef9a845463aed4372c5968c310cc6565a"
        },
        "107414": {
            "config": {
                "oslist": "windows"
            },
            "manifests": {
                "public": {
                    "gid": "1709634541533109298",
                    "size": "43854626",
                    "download": "16712672"
                },
                "development": {
                    "gid": "3070438176694902266",
                    "size": "43889117",
                    "download": "16714848"
                },
                "profiling": {
                    "gid": "1709634541533109298",
                    "size": "43854626",
                    "download": "16712672"
                }
            },
            "decryptionkey": ""
        },
        "107416": {
            "config": {
                "oslist": "windows"
            },
            "manifests": {
                "public": {
                    "gid": "2489662702776957379",
                    "size": "70134468",
                    "download": "18592496"
                },
                "development": {
                    "gid": "6291867193018420650",
                    "size": "70177378",
                    "download": "18595584"
                },
                "profiling": {
                    "gid": "2489662702776957379",
                    "size": "70134468",
                    "download": "18592496"
                }
            },
            "decryptionkey": ""
        },
        "107418": {
            "config": {
                "oslist": "windows"
            },
            "manifests": {
                "public": {
                    "gid": "7281739878081036937",
                    "size": "71833219",
                    "download": "18714400"
                },
                "development": {
                    "gid": "2825522126021679059",
                    "size": "71876909",
                    "download": "18717648"
                },
                "profiling": {
                    "gid": "7281739878081036937",
                    "size": "71833219",
                    "download": "18714400"
                }
            },
            "decryptionkey": ""
        },
        "107419": {
            "config": {
                "oslist": "windows"
            },
            "manifests": {
                "public": {
                    "gid": "7161234463917856452",
                    "size": "149477324",
                    "download": "24021440"
                },
                "development": {
                    "gid": "8119693869356958066",
                    "size": "149548103",
                    "download": "24027232"
                },
                "profiling": {
                    "gid": "7161234463917856452",
                    "size": "149477324",
                    "download": "24021440"
                }
            },
            "decryptionkey": ""
        },
        "107413": {
            "config": {
                "oslist": "windows"
            },
            "manifests": {
                "public": {
                    "gid": "5507949243930518464",
                    "size": "388833358",
                    "download": "41602496"
                },
                "development": {
                    "gid": "8218322706123940630",
                    "size": "388986710",
                    "download": "41132144"
                },
                "profiling": {
                    "gid": "5507949243930518464",
                    "size": "388833358",
                    "download": "41602496"
                }
            },
            "decryptionkey": "44faf57ebfee712ae9316d3f7ec77e3a763190dc8325e63cc8aa23235718f798"
        },
        "107415": {
            "config": {
                "oslist": "windows"
            },
            "manifests": {
                "public": {
                    "gid": "8378677006521123087",
                    "size": "70353567",
                    "download": "18586864"
                },
                "development": {
                    "gid": "890150566387782664",
                    "size": "70396989",
                    "download": "18589920"
                },
                "profiling": {
                    "gid": "8378677006521123087",
                    "size": "70353567",
                    "download": "18586864"
                }
            },
            "decryptionkey": "74e3e7e31e761aa6fa007fc703408e88a980512d3bc0f737c2b724bcef1ccc38"
        },
        "107417": {
            "config": {
                "oslist": "windows"
            },
            "manifests": {
                "public": {
                    "gid": "4733526250654162495",
                    "size": "70754901",
                    "download": "18599648"
                },
                "development": {
                    "gid": "7429054774238084216",
                    "size": "70798887",
                    "download": "18603024"
                },
                "profiling": {
                    "gid": "4733526250654162495",
                    "size": "70754901",
                    "download": "18599648"
                }
            },
            "decryptionkey": ""
        },
        "249506": {
            "config": {
                "oslist": "macos"
            },
            "manifests": {
                "public": {
                    "gid": "6450354960133128009",
                    "size": "61780452",
                    "download": "12371984"
                },
                "development": {
                    "gid": "8819540184659496640",
                    "size": "43975302",
                    "download": "15299664"
                },
                "profiling": {
                    "gid": "8864066725780603641",
                    "size": "61632748",
                    "download": "19641168"
                }
            },
            "decryptionkey": "720c4414485a1bd6aad38fb825f7455fc6f41d61176a6eab369d339a64601ff5"
        },
        "107420": {
            "manifests": {
                "public": {
                    "gid": "7053381975926971498",
                    "size": "8323105",
                    "download": "8356416"
                },
                "development": {
                    "gid": "7053381975926971498",
                    "size": "8323105",
                    "download": "8356416"
                },
                "profiling": {
                    "gid": "7053381975926971498",
                    "size": "8323105",
                    "download": "8356416"
                }
            },
            "decryptionkey": "721d759ad3199299425a057d3075e0bf1078ea624d65faae71bd11254617a966"
        },
        "107421": {
            "config": {
                "language": "french"
            },
            "manifests": {
                "public": {
                    "gid": "2479538286611674481",
                    "size": "7926395",
                    "download": "7952256"
                },
                "development": {
                    "gid": "2479538286611674481",
                    "size": "7926395",
                    "download": "7952256"
                },
                "profiling": {
                    "gid": "2479538286611674481",
                    "size": "7926395",
                    "download": "7952256"
                }
            },
            "decryptionkey": "965c797f05169d0a632cea851fab1d418d19ba8557a54af8f32667658782dca1"
        },
        "107422": {
            "config": {
                "language": "german"
            },
            "manifests": {
                "public": {
                    "gid": "694831486858131928",
                    "size": "7927043",
                    "download": "7953520"
                },
                "development": {
                    "gid": "694831486858131928",
                    "size": "7927043",
                    "download": "7953520"
                },
                "profiling": {
                    "gid": "694831486858131928",
                    "size": "7927043",
                    "download": "7953520"
                }
            },
            "decryptionkey": "5dc537b4337aaafa4d100493e59e8a7ee84cbcedb16777622685a2047d91a306"
        },
        "107423": {
            "config": {
                "language": "italian"
            },
            "manifests": {
                "public": {
                    "gid": "5294990231226172562",
                    "size": "7923976",
                    "download": "7950320"
                },
                "development": {
                    "gid": "5294990231226172562",
                    "size": "7923976",
                    "download": "7950320"
                },
                "profiling": {
                    "gid": "5294990231226172562",
                    "size": "7923976",
                    "download": "7950320"
                }
            },
            "decryptionkey": "4a4d56da6c332cd0be710e0e7b3117dab1f73ed51810d800a7e747011ab69a85"
        },
        "107424": {
            "config": {
                "language": "spanish"
            },
            "manifests": {
                "public": {
                    "gid": "3395489159717928684",
                    "size": "7929667",
                    "download": "7955904"
                },
                "development": {
                    "gid": "3395489159717928684",
                    "size": "7929667",
                    "download": "7955904"
                },
                "profiling": {
                    "gid": "3395489159717928684",
                    "size": "7929667",
                    "download": "7955904"
                }
            },
            "decryptionkey": "f9348a2559cf47ded3a0f49e4dcb54281587c1f5725499091856cf1866c49fba"
        },
        "107425": {
            "config": {
                "language": "czech"
            },
            "manifests": {
                "public": {
                    "gid": "4906889931917921096",
                    "size": "8027541",
                    "download": "8054576"
                },
                "development": {
                    "gid": "4906889931917921096",
                    "size": "8027541",
                    "download": "8054576"
                },
                "profiling": {
                    "gid": "4906889931917921096",
                    "size": "8027541",
                    "download": "8054576"
                }
            },
            "decryptionkey": "398f6319a28f9570857894591a9c2e2168669f521529f30bc42d00b73b9a89dc"
        },
        "107426": {
            "config": {
                "language": "russian"
            },
            "manifests": {
                "public": {
                    "gid": "4684404531445583131",
                    "size": "7958426",
                    "download": "7983904"
                },
                "development": {
                    "gid": "4684404531445583131",
                    "size": "7958426",
                    "download": "7983904"
                },
                "profiling": {
                    "gid": "4684404531445583131",
                    "size": "7958426",
                    "download": "7983904"
                }
            },
            "decryptionkey": "6c45afa220059d2deb0b16d7ee972cc58e158f8e55b885bf09296867ba76e3ab"
        },
        "107427": {
            "config": {
                "language": "polish"
            },
            "manifests": {
                "public": {
                    "gid": "8406091474147147301",
                    "size": "7931130",
                    "download": "7957744"
                },
                "development": {
                    "gid": "8406091474147147301",
                    "size": "7931130",
                    "download": "7957744"
                },
                "profiling": {
                    "gid": "8406091474147147301",
                    "size": "7931130",
                    "download": "7957744"
                }
            },
            "decryptionkey": "2e127da445a329f971cb2da6f95a042f20ea9b14829fb74179f34841e710a815"
        },
        "107428": {
            "config": {
                "language": "brazilian"
            },
            "manifests": {
                "public": {
                    "gid": "5514411074045516159",
                    "size": "7928022",
                    "download": "7953984"
                },
                "development": {
                    "gid": "5514411074045516159",
                    "size": "7928022",
                    "download": "7953984"
                },
                "profiling": {
                    "gid": "5514411074045516159",
                    "size": "7928022",
                    "download": "7953984"
                }
            },
            "decryptionkey": "055d57fcc12ff12b49a329f177eba80af24ec36b377ba03148e2d9d4172effa7"
        },
        "107429": {
            "config": {
                "language": "koreana"
            },
            "manifests": {
                "public": {
                    "gid": "9165345853969700754",
                    "size": "8654136",
                    "download": "8689200"
                },
                "development": {
                    "gid": "9165345853969700754",
                    "size": "8654136",
                    "download": "8689200"
                },
                "profiling": {
                    "gid": "9165345853969700754",
                    "size": "8654136",
                    "download": "8689200"
                }
            },
            "decryptionkey": "5f3b60be0c035cec10f8fb64490071b14f4a6ca0375f7495e2b2dab864f8904c"
        },
        "249501": {
            "config": {
                "language": "japanese"
            },
            "manifests": {
                "public": {
                    "gid": "8720942636409428537",
                    "size": "8774402",
                    "download": "8808896"
                },
                "development": {
                    "gid": "8720942636409428537",
                    "size": "8774402",
                    "download": "8808896"
                },
                "profiling": {
                    "gid": "8720942636409428537",
                    "size": "8774402",
                    "download": "8808896"
                }
            },
            "decryptionkey": "37f6a5a690ef6ecccf4eb4197d2256b611bf80cc95338ff552f8f09c100086a5"
        },
        "249510": {
            "config": {
                "language": "schinese"
            },
            "manifests": {
                "public": {
                    "gid": "6620680010375519103",
                    "size": "5763293",
                    "download": "5821376"
                },
                "development": {
                    "gid": "6620680010375519103",
                    "size": "5763293",
                    "download": "5821376"
                },
                "profiling": {
                    "gid": "6620680010375519103",
                    "size": "5763293",
                    "download": "5821376"
                }
            },
            "decryptionkey": "af7b2fba5a503e59c847039be22b27bde7385d837b8a4211cb46d77e70715022"
        },
        "249511": {
            "config": {
                "language": "tchinese"
            },
            "manifests": {
                "public": {
                    "gid": "2843568687622074286",
                    "size": "5897616",
                    "download": "5957888"
                },
                "development": {
                    "gid": "2843568687622074286",
                    "size": "5897616",
                    "download": "5957888"
                },
                "profiling": {
                    "gid": "2843568687622074286",
                    "size": "5897616",
                    "download": "5957888"
                }
            },
            "decryptionkey": "cfd49c5a7dd4d67a3cebfaa501b735cef12ca4dbca4e21e5fe5df3984a4fe7c3"
        },
        "249512": {
            "config": {
                "language": "turkish"
            },
            "manifests": {
                "public": {
                    "gid": "4734283135240260657",
                    "size": "4115665",
                    "download": "4155120"
                },
                "development": {
                    "gid": "4734283135240260657",
                    "size": "4115665",
                    "download": "4155120"
                },
                "profiling": {
                    "gid": "4734283135240260657",
                    "size": "4115665",
                    "download": "4155120"
                }
            },
            "decryptionkey": "e88d176e948e932b3f6682bc73e9836ee83bfbdb65ca649efdbc49e833c1cdc5"
        },
        "249861": {
            "dlcappid": "249861",
            "manifests": {
                "public": {
                    "gid": "4518665814873472898",
                    "size": "416957861",
                    "download": "420719152"
                },
                "development": {
                    "gid": "4518665814873472898",
                    "size": "416957861",
                    "download": "420719152"
                },
                "profiling": {
                    "gid": "4518665814873472898",
                    "size": "416957861",
                    "download": "420719152"
                }
            },
            "decryptionkey": "352a937f53f6ec85eae8f2755e3b1609dca20c54af30799cd956e6f7d046c932"
        },
        "249860": {
            "manifests": {
                "public": {
                    "gid": "7431003676632113359",
                    "size": "2236978896",
                    "download": "2187390224"
                },
                "development": {
                    "gid": "7431003676632113359",
                    "size": "2236978896",
                    "download": "2187390224"
                },
                "profiling": {
                    "gid": "7431003676632113359",
                    "size": "2236978896",
                    "download": "2187390224"
                }
            },
            "decryptionkey": "b1d6aa1d14f16b1f383aec21c0931c12832a42239eb026f5afaa6d8e970de449"
        },
        "249862": {
            "dlcappid": "249862",
            "manifests": {
                "public": {
                    "gid": "2738283997064954949",
                    "size": "75902607",
                    "download": "75877344"
                },
                "development": {
                    "gid": "2738283997064954949",
                    "size": "75902607",
                    "download": "75877344"
                },
                "profiling": {
                    "gid": "2738283997064954949",
                    "size": "75902607",
                    "download": "75877344"
                }
            },
            "decryptionkey": "8e31c7702caf35ce3aaedd6b0e2033ca5465b072c4de869482f8010f4d4b3117"
        },
        "249502": {
            "manifests": {
                "public": {
                    "gid": "2855841879143950386",
                    "size": "54392226",
                    "download": "43907696"
                },
                "development": {
                    "gid": "2855841879143950386",
                    "size": "54392226",
                    "download": "43907696"
                },
                "profiling": {
                    "gid": "2855841879143950386",
                    "size": "54392226",
                    "download": "43907696"
                }
            },
            "decryptionkey": "277ba94f2fa9a7f293ee635051aecd51bf5b7580fbde96927600d9f9f7fdf903"
        },
        "249503": {
            "config": {
                "oslist": "windows"
            },
            "manifests": {
                "profiling": {
                    "gid": "7234572957894259788",
                    "size": "143629688",
                    "download": "48153376"
                }
            },
            "decryptionkey": "5957e2f2c177f505edfedc9170b8ca215df87c63267843d424bcda30eaf0beb0"
        },
        "249508": {
            "config": {
                "oslist": "macos"
            },
            "manifests": {
                "public": {
                    "gid": "8888693056654571790",
                    "size": "348442212",
                    "download": "82049456"
                },
                "development": {
                    "gid": "1513013712340631823",
                    "size": "84068435",
                    "download": "30885520"
                },
                "profiling": {
                    "gid": "3921353701532987746",
                    "size": "277238514",
                    "download": "63307408"
                }
            },
            "decryptionkey": "f384303deb8d08f3dcadcf71d670a0bae23e6e46f72b2e9426152a725c48a40b"
        },
        "395180": {
            "dlcappid": "395180",
            "config": {
                "oslist": "windows"
            },
            "manifests": {
                "public": {
                    "gid": "8426651345227339980",
                    "size": "6126",
                    "download": "2016"
                },
                "development": {
                    "gid": "8426651345227339980",
                    "size": "6126",
                    "download": "2016"
                },
                "profiling": {
                    "gid": "8426651345227339980",
                    "size": "6126",
                    "download": "2016"
                }
            },
            "decryptionkey": "96c966f67619cb8112c41edd7b20dc6ae55e1fa5fd6de3b7e503e8951c6e43ef"
        },
        "249509": {
            "config": {
                "oslist": "macos"
            },
            "dlcappid": "395180",
            "manifests": {
                "public": {
                    "gid": "4555863940473377516",
                    "size": "0",
                    "download": "0"
                },
                "development": {
                    "gid": "571893521393879638",
                    "size": "0",
                    "download": "0"
                },
                "profiling": {
                    "gid": "1330138641753051071",
                    "size": "6126",
                    "download": "2016"
                }
            },
            "decryptionkey": "eabd6887679e6f371df7c224fbebb6387e6be162c349c64d943a3cfaa09e4639"
        },
        "1042220": {
            "config": {
                "oslist": "windows"
            },
            "dlcappid": "1042220",
            "manifests": {
                "public": {
                    "gid": "8997827457640465099",
                    "size": "37481393911",
                    "download": "37994250624"
                },
                "development": {
                    "gid": "8997827457640465099",
                    "size": "37481393911",
                    "download": "37994250624"
                },
                "profiling": {
                    "gid": "8997827457640465099",
                    "size": "37481393911",
                    "download": "37994250624"
                }
            },
            "decryptionkey": "d2d2b4ba7701e9067b5d6b00d91c57839c42a7032a985a69c57612b16ce61e21"
        },
        "1042221": {
            "dlcappid": "1042220",
            "config": {
                "oslist": "macos"
            },
            "manifests": {
                "public": {
                    "gid": "4392593454018590840",
                    "size": "37481393911",
                    "download": "37994250624"
                },
                "profiling": {
                    "gid": "4392593454018590840",
                    "size": "37481393911",
                    "download": "37994250624"
                }
            },
            "decryptionkey": "285b4b9b2bd5ad724cdf3997240446475ac631a84ff726879ed717cf5ed635b9"
        },
        "1021790": {
            "dlcappid": "1021790",
            "config": {
                "oslist": "windows,macos"
            },
            "manifests": {
                "public": {
                    "gid": "968105706013589959",
                    "size": "1270902055",
                    "download": "985328976"
                },
                "development": {
                    "gid": "968105706013589959",
                    "size": "1270902055",
                    "download": "985328976"
                },
                "profiling": {
                    "gid": "968105706013589959",
                    "size": "1270902055",
                    "download": "985328976"
                }
            },
            "decryptionkey": "2a1a84bef4bca331a78e022e133ca531af3062be29de09bd05934c9ce49e733f"
        },
        "1175380": {
            "config": {
                "oslist": "windows"
            },
            "dlcappid": "1175380",
            "manifests": {
                "public": {
                    "gid": "5399435212292288638",
                    "size": "31015843663",
                    "download": "31437910704"
                },
                "development": {
                    "gid": "5399435212292288638",
                    "size": "31015843663",
                    "download": "31437910704"
                },
                "profiling": {
                    "gid": "5399435212292288638",
                    "size": "31015843663",
                    "download": "31437910704"
                }
            },
            "decryptionkey": "1527e79ee970b83c9e29530acf0ad8c557fec87abcd7cdfafe10a9163ccc6896"
        },
        "1175381": {
            "dlcappid": "1175380",
            "config": {
                "oslist": "macos"
            },
            "manifests": {
                "public": {
                    "gid": "8658204727803704606",
                    "size": "31012169215",
                    "download": "31436525136"
                }
            },
            "decryptionkey": "6173300769cbd0edac4a68b33bf2333f3bc062c9b5b1da31f9c79549ae8e947e"
        },
        "1227700": {
            "config": {
                "oslist": "windows"
            },
            "dlcappid": "1227700",
            "manifests": {
                "public": {
                    "gid": "1889876263343541672",
                    "size": "38376191891",
                    "download": "38898963648"
                },
                "development": {
                    "gid": "1889876263343541672",
                    "size": "38376191891",
                    "download": "38898963648"
                },
                "profiling": {
                    "gid": "1889876263343541672",
                    "size": "38376191891",
                    "download": "38898963648"
                }
            },
            "decryptionkey": "62492374d9e872dec77870f24170bb85cc1b28a1d792c8f081be2d5d3d167951"
        },
        "1227701": {
            "dlcappid": "1227700",
            "config": {
                "oslist": "macos"
            },
            "manifests": {
                "public": {
                    "gid": "8778927882579535691",
                    "size": "38372517443",
                    "download": "38897578080"
                },
                "profiling": {
                    "gid": "8853204352456643793",
                    "size": "38394359454",
                    "download": "38917380064"
                }
            },
            "decryptionkey": "70adde1421b521bb699fb2344e414ae08c97c56ea1a22342359778f40465302f"
        },
        "1294440": {
            "dlcappid": "1294440",
            "config": {
                "oslist": "windows"
            },
            "manifests": {
                "public": {
                    "gid": "8320117063324338394",
                    "size": "10479842211",
                    "download": "10623241056"
                },
                "development": {
                    "gid": "8320117063324338394",
                    "size": "10479842211",
                    "download": "10623241056"
                },
                "profiling": {
                    "gid": "8320117063324338394",
                    "size": "10479842211",
                    "download": "10623241056"
                }
            },
            "decryptionkey": "5b1e01c821d9d3707104d4faf25d64faac508a1304a8324f048e56566bb9821f"
        },
        "1294441": {
            "dlcappid": "1294440",
            "config": {
                "oslist": "macos"
            },
            "manifests": {
                "public": {
                    "gid": "5407594059006667059",
                    "size": "10479842211",
                    "download": "10623241056"
                },
                "profiling": {
                    "gid": "5991832337258249052",
                    "size": "9020803486",
                    "download": "9144234800"
                }
            },
            "decryptionkey": "c2c39942b00fd547c6e3613a863ad9cb60eeb74e1208742302b4ba06309f7cfe"
        },
        "1681170": {
            "dlcappid": "1681170",
            "config": {
                "oslist": "windows"
            },
            "manifests": {
                "public": {
                    "gid": "4097855821862070033",
                    "size": "5274740283",
                    "download": "5346909424"
                },
                "development": {
                    "gid": "4097855821862070033",
                    "size": "5274740283",
                    "download": "5346909424"
                },
                "profiling": {
                    "gid": "4097855821862070033",
                    "size": "5274740283",
                    "download": "5346909424"
                }
            },
            "decryptionkey": "89aa19de49b63e33c462859290ffc3e0a36b3168627208399bf4b8d1f160d8e3"
        },
        "1681171": {
            "dlcappid": "1681170",
            "config": {
                "oslist": "macos"
            },
            "manifests": {
                "public": {
                    "gid": "5757071075728075299",
                    "size": "5274740283",
                    "download": "5346909424"
                },
                "profiling": {
                    "gid": "7472664427721754318",
                    "size": "5171226855",
                    "download": "5241987024"
                }
            },
            "decryptionkey": "2b42cb143feee60349f0ddd52e0f275210a36b13db67378295d48e24ace805e0"
        },
        "2647760": {
            "dlcappid": "2647760",
            "config": {
                "oslist": "windows"
            },
            "manifests": {
                "public": {
                    "gid": "8961997044490697557",
                    "size": "4393157590",
                    "download": "4373545536"
                },
                "development": {
                    "gid": "8961997044490697557",
                    "size": "4393157590",
                    "download": "4373545536"
                },
                "profiling": {
                    "gid": "8961997044490697557",
                    "size": "4393157590",
                    "download": "4373545536"
                }
            },
            "decryptionkey": "ea7053053da76cf6d68b4561d05eeba1736c31409b4e4e67afd56fff5533add1"
        },
        "2647761": {
            "dlcappid": "2647760",
            "config": {
                "oslist": "macos"
            },
            "manifests": {
                "public": {
                    "gid": "2892050428909417155",
                    "size": "4393157590",
                    "download": "4373545536"
                }
            }
        },
        "107412": {},
        "2647830": {
            "dlcappid": "2647830",
            "config": {
                "oslist": "windows"
            },
            "manifests": {
                "public": {
                    "gid": "8285151689411612372",
                    "size": "2869356132",
                    "download": "2908617760"
                },
                "development": {
                    "gid": "8285151689411612372",
                    "size": "2869356132",
                    "download": "2908617760"
                },
                "profiling": {
                    "gid": "8285151689411612372",
                    "size": "2869356132",
                    "download": "2908617760"
                }
            },
            "decryptionkey": "e5e2d7d83696d653ec6a4893b702afadf9978113d4c0f565d16a53fa04b3289a"
        },
        "2647831": {
            "dlcappid": "2647830",
            "config": {
                "oslist": "macos"
            },
            "manifests": {
                "public": {
                    "gid": "4785265565084680612",
                    "size": "2869356132",
                    "download": "2908617760"
                }
            }
        },
        "2647850": {
            "dlcappid": "2647850",
            "config": {
                "oslist": "windows"
            }
        },
        "branches": {
            "public": {
                "buildid": "17852617",
                "timeupdated": "1742910856"
            },
            "development": {
                "buildid": "18371279",
                "description": "Development Build",
                "timeupdated": "1746628882"
            },
            "profiling": {
                "buildid": "18441893",
                "description": "Performance Profiling Build",
                "timeupdated": "1747127278"
            }
        },
        "privatebranches": "1",
        "workshopdepotdecryptionkey": "41ff2badbff9351171ac6dd5b518595760f066656bcc157cdd77aa28046e176e"
    }
}