{
    "appid": 2672610,
    "name": "Black Myth: Wukong Deluxe Edition Upgrade",
    "type": "DLC",
    "schinese_name": "黑神话：悟空 豪华升级包",
    "isfreeapp": 0,
    "update_time": "2025-06-14 12:50:06",
    "change_number": 28524194,
    "depot": {
        "2672611": {
            "config": {
                "oslist": "windows",
                "osarch": "64"
            },
            "manifests": {
                "public": {
                    "gid": "1995373587248188296",
                    "size": "0",
                    "download": "0"
                }
            },
            "dlcappid": "2672610",
            "decryptionkey": "9f7513ce3953f71d2f994a9a331b862c8a41aeae89b0ff0933336aeef1796220"
        },
        "branches": {
            "public": {
                "buildid": "14570994",
                "timeupdated": "1717244581"
            }
        }
    }
}